Numer wywiadu;Id respondenta;Zmienna addresowa ID;Wska¿ swoj¹ p³eæ.;Inna, jaka?;Wska¿ swój wiek.;k_wiek;Wska¿ pañstwo, w którym mieszkasz obecnie. Chodzi tutaj o miejsce sta³ego pobytu, a nie o pobyt tymczasowy (np. w celu wyjazdu wypoczynkowego lub s³u¿bowego).Wybierz z listy;W jakim jêzyku lub jakich jêzykach mówi siê najczêœciej w Twoim domu? Wska¿ najwy¿ej 2 jêzykiJêzyk pierwszy:;Jêzyk drugi:;Jakie masz wykszta³cenie? Chodzi tutaj o ukoñczona? przez Ciebie szko³ê? najwy¿szego szczebla.;Byæ mo¿e zetkn¹³eœ/-aœ siê z informacj¹, ¿e na Ziemi zachodzi obecnie zmiana klimatu. Korzystaj¹c z poni¿szej skali (1-5) zaznacz w jakim stopniu martwisz sie? zmiana? klimatu: gdzie 1 oznacza, ¿e w bardzo ma³ym stopniu martwiê siê zmian¹ klimatu, zaœ 5, ¿e martwiê siê w bardzo du¿ym stopniu.;k_rozk³ad;Czy zechcesz wzi¹æ udzia³ w badaniu poœwiêconym postawom wobec zmiany klimatu? Udzia³ ten polega na wype³nieniu kwestionariuszy. Zajmie to oko³o 30 minut. Po udzieleniu starannych odpowiedzi na wszystkie pytania, otrzymasz wynagrodzenie w wysokoœci 20 pkt, które zostanie naliczone w ci¹gu 7 dni. Ponadto w okresie miesi¹ca zostaniesz zaproszony do kolejnej ankiety, o czasie trwania oko³o 10 minut. Za jej wype³nienie otrzymasz kolejne 20 pkt.Wype³nienie kwestionariuszy wymaga koncentracji i zaanga¿owania.;
1;3f99f8ff3cb9f267769047255dc775a2;foLA3nKLy6fXPa4;2;;2;1;162;1;1;3;3;1;1;
2;701f1fbcb4bbcef132053ad891fe6cc5;nmWeYHHUeanlKN0;2;;4;3;162;1;1;1;1;1;1;
3;4fe1bfc4358de0b2278c39ef0f659407;HIMQXfU0Bq7alB7;1;;3;2;162;1;1;1;3;1;1;
4;5a2463a412b22a42b3be76126ff4b302;fXz2LWjr36gZE9o;2;;4;3;162;1;1;1;2;1;1;
5;ecc74551c2ece64359b5449b138980bf;zT2bjnDzEN2HLop;2;;3;2;162;1;1;1;1;1;1;
6;d51339bf65e04d2301e4bdb6f88e1790;vbM9XHXD7Iy3osY;2;;2;1;1;1;5;3;4;2;1;
7;188b67b453b0b34f09ea191d2f49e4e8;m0bGxXkWiA7RK8c;2;;2;1;1;1;;4;4;2;1;
8;28dc9c8cbff2828c38b360382843ad33;zrIzpqd4jEz0b4D;2;;2;1;162;1;1;2;3;1;2;
9;fd41a681775b63ba5f4219a232456ac9;ZcpArpZ0U0vqKvt;2;;3;2;1;1;1;1;3;1;2;
10;9b3e38f5b9bbfb6d42c9802d2f115bc0;SpThnMwcJTKlx4b;2;;4;3;1;1;1;1;5;3;3;
11;ee4afefc4b2237736635a79d5da04907;PebozOATtx2VrFk;1;;4;3;162;1;5;4;5;3;1;
12;eb0f1fe2a9cfec3e5ec5bbba6adbdaab;1vwpDMzEMji1MWN;1;;3;2;1;1;5;4;4;2;1;
13;d56f37a0dff1db82a99ffe991d769665;V0PtG2HowNTyzWz;2;;3;2;1;1;5;3;4;2;1;
14;5eb247b09930231eacaaeb619444c061;x9vyTSEDnQ01zwu;1;;4;3;1;1;5;3;5;3;1;
15;93948b853c60794c6b6f4be1a2355e00;BqTaE5YdrmIfVNu;1;;3;2;1;1;5;4;5;3;1;
16;fe94d8e1729e1d35a49fe1f8288b48aa;6hIXeJhG1rg0PgP;1;;3;2;1;1;1;2;5;3;1;
18;4100e0d7c108f017c9aebbecca81920c;IpaxSgRxVZhK1hy;2;;3;2;162;1;89;3;5;3;1;
19;62fbfc68a28176f9f655db9247e99e6c;rSjYeNYyUgvmQQx;2;;4;3;162;1;1;1;5;3;1;
20;bcfa2059449d86f8d4bb53d3179273f1;0xOGdU5oLXN4ObX;1;;3;2;1;1;1;2;3;1;1;
21;941454bf318a35a30acb73a8cccb0cd5;a83AFQQ4mQqhKaE;2;;4;3;162;1;;4;2;1;1;
22;17a624bca4cb81ab82ca3c244013574d;CIsli65SzVefjkI;1;;4;3;1;1;5;3;5;3;1;
23;2c9399f562f59b347672004eb7c096b0;FzcijDiU2DvOzcg;2;;4;3;1;1;1;2;3;1;1;
24;a7a84ea0bb70232dfbe9b26d798590e6;A4VZ1nbQ40pLFgi;2;;4;3;162;1;1;3;1;1;1;
26;e67b5eaa557f5e639ac6d32f625fc1fa;i9z4bbEqwaMxYDk;2;;4;3;162;1;1;2;4;2;2;
27;2f3fbc32728c0f8bc19326f5ca965f0c;2pjQMnARfmvlhn0;2;;3;2;1;1;5;3;3;1;1;
28;519c60d5cbb23ed25e5a49f6ff84c356;2ixpWy66oDvc0BO;2;;5;4;1;1;1;2;5;3;1;
29;46b205e06cad24ebc3baa4900ef18586;Ay3BhE1zDxL096D;2;;3;2;1;1;1;4;4;2;2;
30;ecd1bda8fe2cbf7bde6f70d63040e6c8;C5FDfBc2f1zJ4hw;2;;5;4;162;1;1;2;3;1;1;
31;8d9c1411c98b0d6518dc6f12c6654526;KeNQBekmTjf330C;2;;5;4;162;1;1;2;5;3;1;
32;6a4da9bea1472c8e68ce4b52856c0232;oaDREqQbiaY4szW;1;;3;2;1;1;;3;4;2;1;
33;98a0b1f17e0a9b9a720314b65010fbd4;TfnTisePhOmtk55;2;;3;2;1;1;;1;3;1;1;
34;b9ce06b09c1ea28260494b001d8fdaef;xMMCS0wA1lmp1Aa;2;;5;4;1;1;1;2;4;2;1;
35;7e03d6c547814c7e30c0eeb45cf3861d;3PKRs9WvMkFA9Fb;1;;5;4;1;1;1;3;3;1;1;
36;21e9b5da018a54d14f2c146c1444a941;nIhNEdwagW02szz;2;;5;4;1;1;;4;5;3;1;
37;cbf5052f693e0a67dd4535bfbf33589b;fXaMepHtYKPzvTq;1;;2;1;1;1;;4;3;1;1;
38;084397fbbf28e4051cdf9f21a7a2be5a;8fvNCCx7RmPh4Xq;1;;3;2;1;1;1;2;3;1;1;
39;ad0016ba41eb46866b28ccc52ce346d2;gMqlOXWyphZh3z8;1;;2;1;162;1;;1;3;1;1;
40;8bd69b6774bed3c0e95123732ba9bd1f;gV6vO3poWjKEKd5;1;;3;2;1;1;1;1;3;1;1;
41;fa44ff703813a96350bcd488003b4e05;SlTVIwXkTOPAzYJ;1;;4;3;1;1;1;2;5;3;1;
42;e583682bca0dd21116648011716a0c67;eAUQ7xTtIXp1ThD;2;;4;3;162;1;;2;4;2;1;
43;5c6cd9f2a48a8303c30937a05b784742;UsevRRJZZ1R7oJE;1;;3;2;1;1;5;3;4;2;1;
44;2830e1a8ece49761bb1032bda534b9eb;3YoDLRWyWjzMYEL;2;;4;3;1;1;1;2;4;2;2;
45;dd1681ff5f26507a264e5ea5a9e3e0a0;Mbzy3h5AMd61Pkc;1;;3;2;1;1;1;3;5;3;1;
46;bc49029a7cb686ffcf8940b241ebf1cb;cPY9XeVW46TxAzV;1;;5;4;162;1;1;2;5;3;1;
48;b0712cf57f302c8c1c8e7061f534ad80;1tJ6tOHBiHfW3Nn;2;;5;4;1;1;1;3;5;3;2;
49;fdefcacbd61b6e4a9879914dfddf6b9a;kzcpbj0mNE0uACW;2;;4;3;162;1;5;4;1;1;2;
50;fb844932ab3de374dede19eecaea47f3;0b4WaZgBGQXFsqq;2;;5;4;1;1;89;2;2;1;1;
51;5e504b217d0bcd610600cc4a54ef58f2;Va2R81mMIZdej5c;1;;3;2;1;1;1;2;3;1;2;
52;8a8c4d1799fbbe1de2a62f0334d4ff26;CyEOSH5FAyhTt6t;2;;5;4;1;1;;2;2;1;1;
53;3a524d26deb816eb6756d24aae0d8df9;It3vWRU5YfZYned;1;;4;3;1;1;5;4;2;1;2;
54;3305ac4398a64526a7ff314d9f53e6fe;qDkH1CDqS5zMidN;1;;4;3;162;1;5;3;4;2;2;
55;7d0bd52e7b56efff17dece2b751e96f7;op967w74qt0JTEI;1;;5;4;1;1;1;2;4;2;1;
56;e22a2da3bd4a723cf4d6d5d2e50aa906;oaH3ZDxN7ahcpjz;1;;5;4;1;1;1;4;1;1;1;
57;b4ddcd63cdcfe57f275bbc6dc17861ba;bYXK8rVGVMa5vkk;2;;4;3;1;1;5;3;3;1;1;
58;908ac7abffac58bfcf49bb80af3499c8;rts7FKAaibn9zhY;2;;3;2;162;1;5;2;4;2;1;
59;acda5ef55cab7a382ecabf4a0d874099;94af8dntO6vW0Jy;2;;5;4;1;1;1;3;4;2;1;
60;ae0ebe09ea97b8f9136ad052a553e2a7;qfCL8MvIxXv5Sth;2;;2;1;162;1;;3;3;1;1;
61;c682334a865a432f82ef139f4a1d0df2;UulSwIfdsvOgCgK;2;;3;2;1;1;1;2;3;1;1;
62;939df6f5743fc9f758a76fa0380aa9ce;5NILDszCiPqYwPr;2;;5;4;1;1;;4;5;3;1;
63;c10ddd10a44939c5467b383da492f9bc;jwaTazsoj6fWwvC;2;;5;4;1;1;1;3;5;3;1;
64;8c38e9e3517b51de7c63179af98a7926;KZIlXrdufM1437g;1;;5;4;162;1;;3;3;1;1;
65;bcebb7043f018b7a82692824f464db35;fRPIFI78ONBZ6VR;1;;3;2;1;1;;3;2;1;1;
66;9600bc370f18fa823ece2c9042593608;sxQCdOD1badu7Tr;1;;4;3;1;1;;4;1;1;1;
67;34935810caabc841ef7b2c86c68fb3fc;4DhINNR008qzfxb;1;;5;4;1;1;1;3;5;3;2;
68;fa8d5bd2ac163ef61933835c32372715;SIG5OF5zTsHeBVs;1;;5;4;1;1;;2;3;1;1;
69;87d703b9ebde546bf650f5ed6e786153;IC4FJi70VCw6Y5i;1;;4;3;162;1;;4;5;3;1;
70;fd5fdb4be434e3295e4b30edfcbc736e;RJwPQ2MzuYXwapP;2;;5;4;1;1;1;2;3;1;1;
71;9c1616bf35cf7a3efc55cf60d57bf434;BsCgjzGYNADxV3D;1;;4;3;1;1;;2;5;3;1;
72;b42d1f32746120d527682a4d01734255;n51loy0gryEIfzl;1;;3;2;1;1;1;1;5;3;1;
73;48efb6a51287ff552047e707d1e3e24b;8ACRp5boFyUJFi3;2;;2;1;1;1;;1;2;1;1;
74;2ce714b7401714405044d77098f9fbe6;8AScBXPrH7ZAd2W;2;;3;2;1;1;5;3;4;2;1;
75;0d5ed209fcb868fbac84fb4e8a999ffb;0drMaZtmUaa1FfG;1;;3;2;1;1;1;2;4;2;1;
76;ab5803c944db5b2de9c56892b8ca9a6c;w9K0QPd3Ujjf7Mr;2;;2;1;162;1;5;1;3;1;1;
77;344f8a771fa4b7d54629f80c2421ee65;pdz5pivuISXH1fV;2;;4;3;162;1;1;2;4;2;1;
78;f4993a8e85d21bea7cfe69733f06caa3;hTxaiWKi6uNZ7mF;1;;4;3;1;1;5;2;4;2;1;
79;cf01f736cdd4ac713c0a9a52d7756ed5;nGz6b9aAxt5Jnlc;2;;3;2;1;1;;3;1;1;1;
80;b3264d35c7aeaab675e475a69dc3761e;gvz97aR13IomFTx;1;;4;3;1;1;1;1;3;1;1;
81;aed471ff098013eabda8b24c7b5b5b83;J6FppvqtDyvtj6x;1;;3;2;1;1;1;1;1;1;2;
82;c92117f61c8637ba6f0a600471580d52;KZt7bckBTOGfaXJ;2;;4;3;1;141;1;3;4;2;2;
83;27a80e3b617b80ba9e0fea4c8842ab8c;FBMviRsCFgqz1Fc;1;;2;1;1;1;5;4;4;2;1;
84;bb989ee37e9afceb099e2d05fce7a693;i4Pdp6IHcOUaGPB;2;;5;4;1;1;1;2;1;1;1;
85;b662971f749eb1a97a4989879a87a527;RaxNZlWydat6zrg;1;;5;4;1;1;;2;3;1;1;
86;1e49e7da71589fd2a821ead7eb4ac222;T2QhmBvjXVqCjrq;1;;2;1;162;104;1;4;5;3;1;
87;7212e55c4ca6c09ebc37429dc4c3d710;5wkS86za2wZzJxJ;2;;5;4;1;1;89;2;1;1;1;
88;a9e6a71e59be628b4c885156d91dfc6a;NWyVu0K8mXM3iKK;1;;4;3;162;1;1;3;5;3;1;
89;f01dc87efe22b9cd36588906888b2554;qhfxyiDSmBwMoGz;2;;2;1;1;1;89;3;5;3;1;
90;2b304dbb88ad0508cf90217e4615e3e6;lgMdjbz0xocpygc;1;;4;3;1;1;;4;3;1;1;
91;f46c21bbcfbdd2aa4943b35d3c94cd98;LzrtsJYY257WvEh;1;;2;1;1;1;149;3;5;3;1;
92;58d0ea570e0ce34f0421af22e042d959;g3Apvtol9mqFQlV;1;;3;2;1;1;5;4;5;3;2;
93;74afc121da74d0bb09653d2c363af794;LN2Uc265x3yNx44;1;;4;3;1;1;;2;5;3;1;
94;c062ca3f0a60cd34023ffed717125710;CGyXUnAOVhyCIfx;1;;3;2;1;1;5;4;5;3;1;
95;a651418f5043b20b0b280d857069636f;qXWUtYr4YuDzejU;2;;4;3;1;1;1;4;4;2;1;
96;5b24700e538a9a8bab40d220481abfb1;czfkqL42c33OTd7;2;;4;3;162;1;1;2;3;1;2;
97;7454b5a103e5b653cffe688b1c884d7e;xf26Y7cz6Nv3ryw;2;;3;2;1;1;;4;4;2;2;
98;7efdf999688c1a59505d64fd861eef99;dNU3pAtitbGRzEK;1;;4;3;1;1;5;3;5;3;1;
99;ba236e39dc7ccd02d702e351a422d52d;zKtA07pyWdi88W0;1;;3;2;1;1;5;4;4;2;2;
101;a08c157d9f886f1272a49e7c8abbf372;oKCU2ad0li589jn;2;;3;2;1;1;149;3;3;1;1;
102;7bec1ec397926219e8200cde09b68f2b;dVqTEnKFFht0qKz;2;;2;1;1;1;5;4;2;1;2;
104;c7179ad6cccec21bf88fc2c6952dfd9c;uQRfX7QXTap67bg;2;;5;4;1;1;1;3;5;3;1;
105;8ce8a054779d359df130db0f7b041cd8;CUE8Aq8Pmhd22ap;1;;4;3;1;1;1;4;3;1;1;
106;e2cb2bcf9f9bb212a7be09ec96d4d8ae;lP3jcFrmMWNRgod;2;;2;1;1;1;89;2;3;1;1;
107;58fda87311fe95b6268932541248c1fa;tMyKarU6xC65rEE;2;;4;3;1;1;5;3;4;2;1;
108;fd0674d8a7c89f497ba5cfe6ce59fe41;nOuHIGMvaHF3Ms1;1;;3;2;1;1;;2;1;1;1;
109;12383be49b1ef14d3e49d7bc4728b6d1;3YBXw1Kfeo8fcr2;1;;4;3;1;1;1;3;3;1;1;
110;3f47205d4eebc4238b6664b6ef9b9244;Pd1OEbuKTmx9elh;2;;5;4;162;1;1;4;5;3;1;
112;7765ed62a5d0436ef97ddff4f6e8c843;In8FyW3OQaHuad3;1;;3;2;162;1;1;4;5;3;1;
113;e35c097861630d0b22910c986d3eb229;8CDCpqmKNdOKTMk;1;;2;1;1;1;5;3;4;2;1;
114;f77901d87f01c5545a384fcd16939768;uaa9exLzBrzGsUR;2;;5;4;1;1;1;3;3;1;1;
115;94220e6cab014b3b610c19d0d2a6227b;xU6tvHoREHyEvd0;2;;4;3;1;1;5;4;3;1;1;
116;11d29917e37d9f17e120f4859c871e03;vwecSyXWQL0a2za;1;;5;4;1;1;1;3;5;3;1;
117;008cd984f52e6780b7cf2f173e3fa22d;4zQQzbxCY06AwKh;1;;3;2;1;1;1;3;4;2;2;
118;d462cb6f7d6213277445ac0bf6529a00;aIAUpUzYVUf1sWN;2;;3;2;1;1;5;2;5;3;1;
119;05b869c9c39f8d0e19db492c48905a8b;xO1xkXeTkk0S8Vn;2;;3;2;162;1;;2;3;1;1;
120;b3c609380344b75525dd0427658ad5af;wIesVtTDRGuzM1g;2;;4;3;1;1;5;4;4;2;1;
121;6630d53696d30c948b48d0be885dff08;TmaCmIKHykL6jzs;2;;5;4;1;1;1;4;4;2;1;
122;5eece15e327c4a646560bbb2bd90b366;rY6z1lKFvITCUg8;2;;3;2;1;1;1;1;3;1;1;
123;c8aa4119b32d7f132bd6a4c4ed5a2490;JzDL7lat8KZ6Uy8;1;;2;1;1;1;1;2;4;2;1;
124;999b97e1da89e1f9d6218109a9db9f64;8OzadOl9g9blWiM;1;;2;1;162;1;5;2;3;1;2;
125;9a480865ac133104115f197ca72c1e4a;lzkyoXVkl3Gk9Wq;1;;3;2;1;1;1;4;3;1;1;
126;ea33857435e791fd7213263af884b71e;9oQbB8cOQcs85bv;1;;2;1;162;1;1;2;3;1;1;
127;61b8ab13d1ccfe575e5dcfb67cc9e954;vtUaHMspowPWba2;2;;3;2;1;1;5;3;5;3;2;
128;c3a2abb4bdf260d1ced488f6e4b3f0ca;mjaWxgygLbdLzqD;1;;4;3;1;1;5;3;5;3;1;
129;26edf4763282802917234276d0d7f813;eC2VMz8Z64W5hPn;1;;3;2;1;1;1;4;4;2;2;
130;33ba320992c3908390e1e1491d30ac57;0KYexOEtrernCqc;2;;4;3;1;1;1;2;3;1;1;
131;5f92adbfc678ad8647d689e9a17d66a7;5hUDpUWrhua4Ljn;2;;5;4;1;1;89;3;5;3;2;
132;4aa297daa0e7f2787d90f800e6402f2a;Vq9TvLFQs2cxLxD;1;;3;2;1;1;5;2;5;3;2;
133;e6f389c3b7dc1b64647c92db57fb821e;LjZEAooPwzczaXb;2;;3;2;162;1;1;2;3;1;3;
134;c56ab3c72bf3055e7bf641c0d29519b4;ZZgUSBaGnNY7U7Y;1;;3;2;1;1;5;4;3;1;2;
135;b39ef0d0f90b35284b873d382f1ea5ae;eN69GihEZ9d9z94;2;;2;1;1;1;5;4;4;2;2;
137;e785a1b563ffb7d794f2f2a82b441b45;dowqWDF0Lm1rUtW;1;;4;3;1;1;;4;1;1;1;
138;5351669ba0ba1adda5b7f089062cbf34;qI5R0EC8pAuiZ4Q;1;;3;2;162;1;5;4;4;2;1;
139;b46c124b28ad99b54dc5dac0e46d40b1;NqXaVc3gfoNar1h;1;;3;2;1;1;1;3;4;2;1;
140;ca705db3798e2231fdf8954250cac5d6;iB7a81jr0GC6iSS;1;;2;1;1;1;;3;3;1;1;
141;3e7e25eb61d1ad51a61f1e2e01bd1c35;5AlXWgOgzNvigMG;2;;4;3;1;1;1;1;4;2;3;
142;05c498faa2b59e8da36ebd306613ee5c;zaFra9ItNRhyf7M;2;;3;2;162;1;1;2;1;1;1;
143;70e7248c24bb901a48d10b022a94a011;NIZ5r0jzU9SqPxo;1;;4;3;162;1;1;3;4;2;1;
144;c4e6247f3e00469a9ec58514e5b1a20b;WgnUzIAA9EW69RT;2;;3;2;162;1;;1;3;1;1;
145;c1fba4dcc4320f70dd42408e5b893266;T4ktvWSxqFOCCtf;2;;5;4;1;1;1;3;4;2;3;
146;984879e6d323585bc49142bddf4ba93e;EGaOzNlOwVevv63;1;;3;2;1;1;5;2;5;3;3;
147;4ea725a3a7752696ade3054b3967f660;H01wa8V3GaBj99P;1;;3;2;1;1;1;2;5;3;1;
148;7a5e5cd92a02e0b52ffadb306ccc960d;DzaacBSRbMzeP0a;1;;2;1;1;1;;3;5;3;1;
149;eb0525441357dddb16669ba226fd4af3;zIm879S7E7mFmCU;1;;5;4;1;1;;2;3;1;3;
150;c9bbe231d8d8e6262cd9a9ecb8d9b18c;WY36oSSyQJ1eznh;2;;5;4;162;1;1;3;5;3;1;
151;cb03561d78b386a7f7020fdabaa7b718;P7jfCzFlwuJzMJE;1;;5;4;1;1;1;3;4;2;1;
152;ffb3683adc5c834ca913d22d969e8d5d;a68ayypE2UBxYc9;2;;2;1;1;1;5;3;4;2;2;
153;9ddc397a694f1196ab0e7d4df98243c1;2Vp1MHhcbSLra2R;1;;3;2;162;1;1;3;5;3;1;
154;a5615d426d2740c5a21b6d042b42fac6;NTpBKmvdmZVAtA1;1;;5;4;1;1;;3;4;2;1;
155;988f30b7336cf00828f77f155a2581c2;3kGERJT1GtzfAH8;2;;2;1;162;1;5;3;1;1;1;
156;91a8a97377150a7f8594e20b67bcb4a3;Y8ayamgkNe45IGW;2;;4;3;162;1;5;3;5;3;2;
157;56cff359e7803e864fa0ad5c028e4c18;plVwftyqnOlK5G3;2;;3;2;1;1;1;4;1;1;1;
158;1c1fde6ca59a5f891a5df0f469adcf07;mbH2muj3wzrOgfk;1;;4;3;1;1;5;4;5;3;2;
159;a8bc768b2ea7decab22d2d75483170ae;LAj6ZJun8CcqBfc;1;;5;4;1;1;;4;5;3;1;
160;a17da789281f163203ea89455bda1fb8;es8iI7TeWkbxOYa;1;;2;1;1;1;;4;4;2;1;
161;186918a68c9bcbfb8311b0351fe2d853;7hJhnY5KhZ6xkbe;1;;2;1;1;1;;3;3;1;1;
162;06ee5049275a672b85d181878785777f;CJ2PPOlLBXV4Ym5;2;;3;2;1;1;1;3;5;3;1;
163;4d89192dd32c46d6a49c6b2560a7fec5;wFn1kFe1ZbYQ0J9;1;;5;4;162;1;89;4;5;3;1;
164;79583d053e74264bcaf3e2459840cb2d;sGaOkPZgH4X5xw3;1;;5;4;162;1;1;4;3;1;1;
165;316ddd9838312d3222ff2e8007acbabd;46MDGzps4P2vuZr;1;;2;1;1;1;;3;4;2;1;
166;97a6935afe1808d284787581edd13497;kqF503vQy3ITata;1;;5;4;1;1;1;2;4;2;1;
167;e50d71b4262b7918afdaf4f51d137155;VZBdkihFloNiE0T;1;;5;4;162;1;;3;3;1;2;
168;948c3c7fcad8f5679d5390a8328b6650;jtuqBbAbiLvYfiO;1;;3;2;1;1;89;3;4;2;1;
169;a8978b87b31f008cb0426c30a20f4ee5;0talYxhKDgngzMV;1;;5;4;162;1;1;3;4;2;1;
170;414a961b49ab14950da320bf4600ea9a;tgDHlrngdnH1H3a;2;;5;4;1;1;1;2;1;1;1;
171;98bb142e9ce4c28e2a9ae0e9e6cd546e;Oz86x0zycx7SaZF;2;;4;3;162;1;;3;4;2;1;
172;46bf3a8f931b2ebbd698afa2f04f1ab7;r3fD38hIApVhXW3;1;;5;4;162;1;1;3;5;3;2;
173;78596466273d77184ead2f46e554a8dd;pz7ZVX9DolrKH7e;1;;3;2;162;1;1;4;5;3;1;
174;05896534b117030cbdff799f5d6dc00b;4pBAkNzzz4o5qLa;1;;2;1;1;1;5;4;3;1;1;
175;22d4fdfbf63aa044f551cdb084cde357;S6mezWshwPoqpQU;2;;4;3;1;1;5;4;4;2;1;
176;cd31fde32a6fed8f467ee808edb1fa4e;VKYtuTfbbEfvn2a;2;;5;4;162;1;104;3;5;3;3;
177;d99e23d45865deae760ff71d5a3c685d;BLJvyMJxN37nrk9;2;;2;1;1;1;1;4;4;2;1;
178;063d82d490638624ae04e36fbea60f1e;IV7al2RyiNZKSE6;2;;3;2;1;1;;3;3;1;1;
179;cf5ef4cd128645dc447fc498efa7f4b4;8wc0oDazR50ewwU;2;;5;4;1;1;5;2;5;3;2;
180;d16b98bb66c720754cf06f6831d19c5b;wfZBizNRVMylQA5;2;;5;4;162;1;1;4;4;2;2;
181;1ce027c446c9e77b88b218c59e9233d5;dUn0XGvxZWH00iE;1;;4;3;1;1;1;2;5;3;1;
182;930947b7b508d997d22bf6c0aba02de1;ZeJWOKN8kc0NxeG;2;;4;3;1;1;1;3;4;2;1;
184;0116b4e0f0010479994560265ae91cf6;oo6HmgZdqCD9fnr;1;;4;3;1;1;1;1;3;1;1;
185;ac393cf288fc437c834710f46e888ee3;2Uh0boayb2RAvca;1;;4;3;1;1;1;4;3;1;1;
186;0c4a3e8c460c19fb2e9092784b6f3ce2;VEsDU8xXaA6za9e;1;;5;4;1;1;1;3;3;1;1;
187;f8210ff01bce448ae9d78c2ac848b5bd;gOPG3cgi65foE9q;1;;2;1;162;1;;4;3;1;3;
188;b7cdeec555e1a2751eda90a0846f2d9e;DWktZxpsepQzHJq;2;;3;2;1;5;1;4;2;1;3;
189;2731ca8252072fdc20366561b97e256e;vOBR7SbTDL0btvC;1;;4;3;1;1;1;1;4;2;1;
190;1bf0d3af8d74e66b0b3dbfe00d299e25;JJsPYetLj6goqA7;1;;4;3;1;1;5;3;3;1;3;
191;617a771de854e9e41552951b3e673e19;tflaEh6789mNScY;2;;5;4;1;1;1;2;5;3;1;
193;f04e725914812be49c16354d971f8f3c;75o8dxjBqR8MkkF;2;;3;2;1;1;1;3;3;1;2;
194;69a5c75d4b33953a46ab3c4f3d0a95c5;6mhCCgotzeAq1ie;2;;4;3;162;1;1;4;5;3;2;
195;0bdc393ede41720426037f3eeb3fcd5a;pXUzuR4Z3Te5ImY;2;;5;4;1;1;;4;4;2;1;
196;36999b680063949737f358c67cb1f2d0;84BgSi2HfWhIyBA;2;;5;4;1;1;5;3;4;2;1;
197;c42fb69ba2a024ddd63d76676b32e38a;axPWpjotmVAzfdt;1;;3;2;162;1;;3;4;2;2;
199;15ba7fa3c13742234f03c0c5c48d4a47;dncs9Ky6VOnyl7f;2;;3;2;1;1;;4;2;1;1;
200;5ed738e2b96d45ac7cfb5d7ad8497725;Z8ZJlF8cI3kKfSS;2;;5;4;162;1;1;3;4;2;2;
201;80a4dc0d504964eb77b1107f19881b0f;Ksavmu7uxOg10Nc;2;;4;3;162;1;5;4;5;3;1;
202;5b0083f916145185dc96fe975d3d41bd;eRtHnd8LKsv0t1r;1;;2;1;1;1;152;2;4;2;1;
203;3d69e439aaf41a3d3d5b430fd237e3e8;4wUDYzbMRVx3mVX;2;;4;3;162;1;1;3;3;1;1;
204;3f24a82f797874618d0e7aca0e2d308d;m8PaLny2vR8SIIo;2;;4;3;162;1;1;1;1;1;1;
205;000596326ca77400a7fae7701beb97ef;JzoZzszaWfv71g6;1;;4;3;1;1;5;1;5;3;1;
206;2925476df524ad9eb27615973c5570f8;NH3XaH2qQ74Hpzh;1;;4;3;162;1;1;3;4;2;1;
208;ed01b5f614c98f98dbceb30ca82fbef7;A1NoRNgC1rm5rrZ;2;;5;4;162;1;5;4;5;3;1;
209;12c7924f63505113b2c3e3fc7eee4616;6yVbSq5T70FJrck;2;;4;3;1;1;;2;3;1;1;
210;07180160ac708d30285ea192a7eb7616;5daJNCHA7aa39ZH;2;;3;2;1;1;;3;4;2;1;
211;506193d4a388b76ed32f9d2f9c8b54df;tmFtvMrLG5IKAy7;1;;4;3;1;1;1;2;5;3;1;
212;7a612c468e65f0e868392bdd5f719859;f57suULiUqYj55H;2;;4;3;1;1;5;2;1;1;1;
213;f9d21532fd83f95477ecf20f3b9ca587;LrdI4IrlusrgRkI;1;;2;1;1;1;1;2;3;1;1;
214;87749d87ee62bef6fe72233466e87831;1vurLNgs10dTclk;1;;3;2;1;1;;3;3;1;1;
215;4c20ba2e47ae2d7994b8bdf50d4d40a8;WClDZ66ieZFykcb;2;;4;3;162;1;5;2;3;1;1;
216;56bd14b4fe8bdf523662d39d2c1c5061;Uat1XzX3Vhg8Lr1;1;;5;4;162;1;1;2;5;3;1;
218;9f030708f706e50c2d37a5285720f0f2;Gij2PzpLMEGFSro;2;;3;2;1;1;5;1;4;2;1;
219;d4ae1658bdbef939ab67b26b8782d7d4;BoQ7RpSBcRNterq;1;;3;2;1;1;;2;3;1;1;
220;7c3d9efbb3b1a778814f03c308be93d9;bf9FtnElZTG1rv2;2;;3;2;1;1;1;4;1;1;2;
221;1de0a5c6b85ffe9d9467beb94cd54558;JqCpcaVZVanTPul;2;;4;3;1;1;1;2;4;2;2;
222;dc965a4300ca95fce3eae690eeb7aff5;XzZsi7enPgaSJvd;1;;4;3;1;1;5;3;3;1;1;
223;963d7bbe209729a7f68555d4a92c5a81;XYkwpWfZzRxxPhN;1;;4;3;162;1;1;4;5;3;2;
224;1adaec12abb8ca0c9e34477fa825f55a;iVnv0qbBvGeeXKF;1;;2;1;1;1;1;1;1;1;1;
225;365fc9949edea310d5b22a1bbe9c3bf6;L190zu1pXUzZqBW;1;;5;4;1;1;;3;3;1;3;
226;f5db09c284f00ed6278330a33e63b402;dstfVNBFbS4zSa5;2;;2;1;162;1;;3;3;1;3;
227;18efb924e6b8babe1dcf2100e42d1634;rq1xOxPtzApJjsV;2;;4;3;162;1;5;4;4;2;1;
228;98649217d4b028e44ef7566a402f9ff0;zTjyZUJRRAulU9h;1;;3;2;1;1;47;3;4;2;2;
229;fb846e85bcd60da24c55c032d1500bbb;XMUbwQocSj10Yal;1;;4;3;1;1;1;4;5;3;2;
230;d8569a89109a551da4c688048f05068e;aQwDXbSdpNT4YvC;2;;4;3;162;1;5;4;4;2;1;
231;fb3e8d724e819367af6a33985a0bf3be;zowB3AkNTvBMcCy;1;;3;2;1;1;;2;4;2;1;
233;0e49bf303330c44eebeca2ce662a75c1;JprvHivmjGh8BCy;1;;4;3;1;1;;1;5;3;1;
235;870d2323f86a51ab20dcb26873ac8a0e;YgxzzKvGUT47Nkx;1;;3;2;1;1;5;4;5;3;1;
236;71002ad7aca70f543547eb435f36affb;1bia6LNdyI6YzJg;2;;5;4;1;1;1;3;5;3;1;
237;0b276a7d550d9b45c30048e5ee14f658;hn1bGEO0IXGx2Gy;2;;4;3;1;1;89;2;4;2;2;
238;047f068b01d79bbd3240e469aa50fd38;Ensr1k2CFzzrReh;1;;4;3;1;1;;4;1;1;2;
239;dc058681b2b030a6312f6a389591568b;j18wMWeBftTszXc;1;;4;3;162;1;5;4;4;2;1;
240;1fe3b4ebbea1a59d361d0e4af5ce9eb9;hsDxIsm5bCw9MdM;2;;4;3;1;1;1;3;1;1;1;
241;647ccb10dee18d7b68d48c7e7acae09c;WrG3gqHs3QXVmFi;2;;3;2;1;1;;1;3;1;1;
242;b49a474f6c4aec742afe22aeb6893b32;K7TvJEK1HMSAda8;2;;2;1;162;1;5;3;4;2;1;
243;7ed3447ed825be36e9a01aad8ad5818f;W0pj4SXel1Jt2hF;2;;5;4;162;1;1;3;5;3;2;
244;1e370ce726f8fced56d5ec981d777cd9;uFOxoiGaKZQKD4i;2;;4;3;1;1;1;2;2;1;1;
245;798943d126babc5f38b42027d2d05a48;0UAvSP8K0zzDuYz;2;;3;2;1;1;1;3;2;1;1;
246;95a3d1a620ba2dd9294d3c63fc6de0f2;lD6oP2N10NF48Sz;2;;2;1;1;1;;4;3;1;1;
248;0a1ee4cdc3e45ffd23f0314707c6c10d;AUMixxvZi5RyqnN;1;;3;2;162;1;5;2;3;1;1;
249;b3d3ff1d978821158000e47057d1da9e;LIHvKAVDcSokd9P;2;;3;2;162;1;;4;3;1;2;
250;8f7c1134d4638560ad2f172bf37326b9;0khKqrIzFoBVDA2;1;;2;1;1;1;1;3;4;2;1;
251;582561a9e9a586d6aa319ebd8c56772d;bPxYwH70M6v0xiw;2;;4;3;162;1;1;1;1;1;1;
252;7415a62ae4342134d707b0d2929b7df2;2y9mPyzcGhSdkkD;2;;3;2;1;1;5;3;5;3;1;
253;164adcb9bc176689771a2ad4e374a5a6;7TGUB7sJowI9oMW;1;;4;3;162;1;5;4;5;3;1;
255;3a51106ec786f470d46b1583e92095cd;Fg6iqeAGDfgHpaZ;1;;5;4;1;1;;2;3;1;1;
256;74bf23b70ca4ea253958a1e443ae7943;lirYaKiltZGj5on;1;;4;3;1;1;;2;5;3;1;
257;2320e9a378a953a2a5c09d31f83731a1;mntZgq88zIVYUHQ;2;;4;3;1;1;5;3;3;1;1;
258;6792aa39746c813a2d4f1dee09970d62;MYmKkE5Z5SJYXRP;1;;4;3;162;1;;3;3;1;1;
259;3ca2a2fdb6acdd49104c5969667f7f90;98aCMH5SuCVMovn;1;;5;4;1;1;1;4;3;1;1;
260;05e85477fd243b3074afc8054d1e283a;eKona2uK4mOJFM8;2;;3;2;1;1;1;4;5;3;3;
261;9a4496e500b8141865a92b7b9c84f4c9;G7RCnirXpa4GHZT;2;;5;4;1;1;1;3;1;1;1;
262;ebc4e6b3caea25c9a3f40de87d0c7102;czOEtUzj7Y7isMy;2;;2;1;1;1;1;2;3;1;1;
263;091f63377c33b3ae3e1a00ff9b0729fa;7zzi1TCsOhjZxQc;2;;3;2;1;1;5;2;3;1;1;
264;2d0c1f1593ad036bd2a034e84d83bbf3;k3INEM7jWw4DHP3;2;;4;3;1;1;5;4;4;2;1;
265;16e88ed55aa5acc1a683534d0f35e8dd;b4wU8bz6vnkd6L7;2;;5;4;162;1;;4;3;1;1;
266;5df53a997b45c73d088399a496db9856;Xa5z0WomsAIjFEp;1;;4;3;1;1;1;2;3;1;1;
267;5096767dc9ba50694fde5b3e3f85a9b0;6oZLmTJTp8zIWzg;2;;5;4;162;1;5;2;4;2;1;
268;8a844f8f4fb3013e087f207091e36016;AlJXoU4QmbYSraK;2;;2;1;1;1;5;3;4;2;1;
269;a6598aed42ddf8d3935344a1108590f8;rUtspBuc71mvBi5;2;;4;3;1;1;1;2;3;1;3;
270;e95da04e7713652a36dfb8d0295cad70;f9bDOokA93l1z6q;2;;2;1;1;1;5;2;3;1;1;
272;0b1b858b9ff304e7ec7bbfe0d9b94430;aI2JZqzVnJCQ7D3;1;;3;2;1;1;1;2;3;1;1;
273;f5632b8f9a9c181ee7b21a07f02126c7;gqnm1Kt1fDfxcn2;2;;3;2;1;1;1;2;3;1;1;
274;7a28c2d6addce8a3866cbde3c406f397;c6a6Qr5peYEwrpk;1;;4;3;162;1;1;1;4;2;1;
275;598c80bf1d718993733e9928ec5d431d;MSobnCQcsJd3zhE;1;;4;3;1;1;1;3;4;2;1;
276;be566b7657fa807f77c1828902786cf3;Lz9EiSeyNJMGzr7;1;;4;3;1;1;1;1;1;1;1;
277;16a4511c31d29c0f6a7b8776fe53b254;pV4ZDRiuHfdMqm1;2;;4;3;1;1;5;2;4;2;1;
278;727b8af56ba7e1f5d5a23aabc549ec75;hz75krxyTaCRdy8;2;;4;3;1;1;;3;2;1;3;
283;640544010d55992d0a17b682a1bbd267;HbdusMp47VQ8Wzi;2;;2;1;162;1;1;1;4;2;2;
285;6f4fec56bef2d6605bf2e1849b40851d;sBhc59WRzaZ2y7d;2;;5;4;1;1;1;4;5;3;2;
287;afe8722d4a278c265c4d44c22e9bedc3;SvP1Di9e3hzOVkZ;1;;4;3;1;1;1;2;5;3;1;
289;ed5faae1f3aa0eaae64ea8be7d60d017;a51evyYiJ3KUYtN;1;;3;2;162;1;;3;5;3;1;
290;966832112654befa72a45a7e7f7aca08;ltkJfupaDH8Ewx7;1;;4;3;1;1;5;4;4;2;2;
292;fc50a26a0f5b4fdcf1bbe9ce380a6620;tJlZqgwTMeR7ian;1;;5;4;1;1;;4;4;2;2;
293;9e8f0d59306f9db7e7724f06934bdb4d;bOBi4tH28Wa0vxW;1;;3;2;1;1;5;4;5;3;1;
296;e9eea35ba22c095001593ae1bdf3829b;dtqOq3z7Fyekl02;1;;3;2;1;1;;4;4;2;1;
297;30133973614f33c3755ec2d9b82e98c3;OOZALdkjcgap02m;2;;5;4;162;1;1;4;4;2;1;
300;82e8067fb8084041a35a3183c915ca64;lO3UpCreNGfXSY6;1;;3;2;162;1;5;2;5;3;1;
304;dc7d6eb39b66d9ff1b055b83d9ef70f3;uS2Tj8K7lw8F8cl;1;;2;1;162;1;5;3;5;3;1;
305;4477795b6d9ae1105b9cebcd1dde5733;WS8dBras0ljEkv0;2;;5;4;1;1;;4;4;2;1;
309;0cea5ad4f2ea71ed80821e6afde9fe7e;oSs9HGwzgi8m6pz;1;;2;1;1;1;5;3;5;3;1;
310;9f2ecaceeb02c4a5e2a521a26e14e47b;BPNSMKvZlAj28m0;2;;3;2;1;1;1;3;5;3;1;
315;622c82d607ac05b35270d927b28bd685;GSZwrUQlsIB0BLj;2;;3;2;1;1;5;2;5;3;1;
320;6d365be6d3a2e23a0690d37e9c14ded2;PURrJBh88al3ZuC;2;;3;2;1;1;3;2;5;3;1;
328;d51d238ec0751c40ced35d8d2a1bab88;1WVaYAt9Q1n2Me5;1;;2;1;1;1;5;3;4;2;2;
329;4714ba38e2cb1e0e6726ef5d352882cd;pNniawh6463VJjr;2;;3;2;1;1;1;2;5;3;1;
332;d71d4b97c4adf470220ad459e6261dc2;494cXHisAsByOLC;2;;3;2;1;1;89;3;4;2;1;
335;be47307e23daa7f25cc8161580f41c67;rDnGNENhaYLT9RF;2;;5;4;162;1;5;3;5;3;3;
336;45848c69cf43bd683e523a1138620796;iDFSWHHYyIR2MCF;1;;2;1;162;1;5;4;4;2;1;
338;a8d268a4f0a79fab92db085d79bb05dc;oaZyEBkVmqzzcqH;2;;5;4;1;1;1;3;5;3;1;
341;7d08638ff7f97725882c33057435d8e9;3aPbpScVcyxtu4Q;2;;5;4;1;1;1;2;5;3;1;
342;69c82d1801babe2c65ad1b3b393202eb;bmdbK1tj5q84lCu;1;;2;1;1;1;;2;5;3;1;
352;f58b0d3e5feebf140da4244d116007b0;y33szpGVzpOMtWA;1;;5;4;162;1;1;4;5;3;3;
353;af6ab8192f5190dd761225044f7aedfc;EoD6ez9u1vyXTTh;2;;5;4;162;1;1;2;5;3;1;
355;720c0b2821e59b9e0e9ddc3fddb386d1;tZQ5eByfIVcQdHO;1;;2;1;1;1;1;2;5;3;1;
358;90bd4dd784137e077751c0bb4290864c;W9fhygpSYfKye8Q;2;;2;1;1;1;5;3;4;2;3;
359;264cab4192afebd8df773675fa2e44fb;1UPK4O2NJ0T8gDF;2;;5;4;1;1;;4;5;3;1;
362;b0ca0c85a410a5b264063b228cdaf45a;fzIJdXMXjMDcrqW;2;;3;2;1;1;5;4;5;3;1;
366;bb36c70de071c0cb886c44156c228cbe;jc7yPmFXg2EIinJ;1;;5;4;1;1;1;3;4;2;1;
378;bbd2ce1f381fef87f96b35cc52b83f4d;k8KpYhRGEERNzRU;1;;2;1;1;1;1;3;5;3;2;
379;9ee1df3f69c18b502a474045a694d698;jhuA10tbvsb23Fg;1;;2;1;1;1;5;3;4;2;1;
388;c3de466313b9a458e4c0d41efe0f2df6;YhIdXJ8sEFhGs4v;2;;2;1;1;1;5;3;5;3;1;
392;b6b72c1a48bb6370b5daf50ca423464e;1FBwrRnns3MTIcF;2;;2;1;1;1;1;4;4;2;1;
393;cdeeb3cf5699b23df059a50cea09a5ad;dXG0JmdU8EpAD4c;2;;2;1;1;1;5;3;5;3;1;
396;3cb2096c0dfb6a2c9c3116145f07ab62;g6uPHXfZEZ6zlcc;1;;5;4;1;1;1;3;4;2;1;
400;5fcee89026818ddb23a3f3915179e989;mYkQARjTZz6Y4IK;1;;2;1;1;1;1;1;4;2;1;
403;fbd3da40bfedfe76dd9becb35f923431;tSqkacMSopiQix1;1;;2;1;1;1;1;3;4;2;2;
404;8123a4b4b9fad8729363ab50ff87b0e7;1vJTSKV6wY53NcZ;1;;5;4;1;1;5;3;5;3;1;
407;4c8272f12f862effa9d1a70cc7c9819f;w2wlN9zLS94QXQW;1;;5;4;162;1;5;4;5;3;3;
413;775a6dbaa2d6fa52d92787ff3d22720f;UvYRzvZSWXXVLfD;2;;3;2;1;1;5;4;5;3;1;
414;56164ff20de4d1f57cd632812c46b11a;mDoaPaODM85crFx;2;;5;4;1;1;104;4;5;3;1;
430;721f72f60ff178e9682a9279ad8ae088;eJg8m9fbPBPjkKY;1;;2;1;1;1;5;2;5;3;3;
431;b310f5c6dbfd7868ef8b8871b309c81b;V8xaB8zkQUtzavV;1;;5;4;162;1;1;2;4;2;1;
433;78706a1cd2813b4c76eb392a99a7c889;acYdPk8KTHiBIqd;2;;2;1;1;1;5;3;4;2;1;
437;e016d14c54df9d266e75679b350da025;bnJ6oD7kaglPIaM;1;;2;1;1;1;;3;4;2;1;
439;8c35b72c54f8cebc6dc912ac0175230b;qGU9dNv0bFTzFVD;1;;2;1;162;1;5;2;5;3;1;
455;5277ba9406e59a053e8a5850578551d4;i8za0Rk4JiOxSCt;1;;5;4;162;1;1;2;4;2;1;
468;9fc6db315e3ec47bbd9468c688a1f0de;vVZQRCCQXEtZlXz;1;;2;1;1;1;1;1;5;3;1;
469;a5d227e80e17dd4bfc8d01c1bc85dfb2;taFXnv6L515xBNb;2;;3;2;1;1;5;3;4;2;1;
475;0095f550a89fe59c98a9fdbdba7e4a32;LRJOFGpdbjWooK4;2;;4;3;162;1;;4;1;1;1;
476;c4eaeca600a335783141f169ef296c17;ehob4xd5dHrgJMV;2;;2;1;1;1;1;3;4;2;1;
477;499b755dfceba41e64c8468c0205eeed;HIjV8W8oadq5Pzs;1;;4;3;1;1;1;3;5;3;1;
478;f5a315e30273b7a82d51c2be58160b35;awKVsX9XGLfzmfk;1;;2;1;1;1;5;3;1;1;2;
479;4d356de35996da2c6d7a784fef3e8057;KK1Sms9HOYbn7vX;2;;3;2;162;1;5;4;4;2;1;
480;b2d87dc7be5e94867e2679db66d5a40f;xR0PqPCooNwTHnM;2;;2;1;1;1;5;3;5;3;1;
481;1f49a3982178c2561a2bb58c0d296258;OwRpCJFpFtXooXW;2;;3;2;1;1;104;4;4;2;2;
482;b13bf014c1d98a212b5bb3e137951658;KaOWYMbutY3tEbG;1;;3;2;1;1;1;4;3;1;2;
483;758a1f75c90ff06afc0a14794df81c5f;bm7ftXoGdboyvoL;2;;3;2;162;1;5;4;3;1;1;
484;1356f9b66fa8cfe81e2274ebaffbe60d;vzDP9MXKkvUwzwU;1;;3;2;1;1;5;2;5;3;1;
486;82fa77d584bdcefe6eac11449f55a81b;t8A9tEWNkONllTx;1;;4;3;1;1;1;3;5;3;1;
487;beafd696a844e866ba80e6e950e830a5;VaOU7Nm6kpzpg6v;2;;2;1;1;1;5;3;4;2;2;
488;4c55c565670a2df5bb81a0a6509516ce;IhnaqMVSLraSH2L;2;;3;2;162;1;5;3;3;1;1;
489;29cf3a87357ea9749b81b405a2b92a52;jco7QTLJ400NFj4;1;;5;4;1;1;1;3;3;1;1;
490;3fa800fca78f26afcdfa9f2f28ddf9a3;3RUXE5wm8wuZvNE;2;;3;2;1;1;;4;3;1;1;
491;2d99ebb003c4f2390acaad402b322ff6;d1QBxDJJk7uPlCz;1;;4;3;162;1;5;4;5;3;1;
492;c2bcc62a036a09f8e54db20322c3a1d3;7O7ZaMDWfljOXC7;1;;3;2;1;1;5;4;4;2;1;
493;19c84b0e4cc75ddc5ff21b1d27d651cf;ZvmTXfDKV3HjEAI;1;;3;2;1;1;5;4;5;3;1;
494;84f0c746ae263d30176639a02f3f058b;hc9McZmWvYNY3lm;1;;3;2;162;1;5;4;4;2;2;
495;0a20852d3b2bc2c3d2321b6987d7d33f;VAIibc5YOKrektx;1;;2;1;1;1;89;3;4;2;1;
496;4dba431388fc71055273cfed14e61f52;xuDf241zdfjBYip;2;;5;4;1;1;5;4;3;1;1;
497;9e6f312dba3d25b81fcbc9c6f00c5003;pl9unFz3JyRRh6s;2;;4;3;162;1;;3;4;2;1;
498;98ff931c94a77f8649d8ab99de682380;ZmaNs5OLUTR6hdp;1;;2;1;1;1;5;2;4;2;1;
499;e0fbc145547bd071b4d251fdbe0160b8;gOxXlgcKC7nhJzz;1;;4;3;1;1;1;3;3;1;1;
500;0880287694cd1c2e92a3e04ea99f095a;Pt5xAUKYREP0hyT;1;;3;2;1;1;1;3;3;1;1;
501;5461579de1803306fda58d9b8603230c;vkKv06Hh1ZfY537;1;;4;3;162;1;;4;5;3;1;
502;b566ba6c958c4e3c262a5b63daac3feb;m26yPCAVJTadjdh;1;;4;3;1;1;5;4;5;3;1;
503;1470e43df0971f284b6a8c2dadeda83e;605e79o5F2zZkHr;1;;4;3;1;1;1;3;3;1;1;
504;df40de3a48192fe5df5b5cd96cba0e9e;NV8eY5FzKWtmueK;1;;3;2;1;1;5;4;5;3;1;
505;4f1444056c3b2138fd2a00beda92af83;hCKCWWeCB6FGbxF;1;;3;2;1;1;5;4;5;3;1;
506;bc5055e92a37de5d766e21b500264322;PjfhOZo9PImD105;1;;3;2;1;1;5;4;5;3;2;
507;b1835d01465e172187b0d9c324056955;agPVz6csZKVHTYx;1;;4;3;162;1;;2;4;2;1;
508;8acfc11dc49ea3a1a11a4cc61ec451db;IPtaT0PE8UDLtaY;1;;3;2;1;1;;4;3;1;1;
509;6ebf23d0d4923092f77075b488ed71a4;SRNgfelJI1ZFUiT;1;;3;2;1;1;1;4;3;1;1;
510;b61c4dbf8b801712ad56c05b79d6a2f8;q5DK5Js6F3amnoN;1;;5;4;1;1;5;4;5;3;1;
511;80afb7c9809898a5753a601b43655a2c;PxkWRGozgnM2OIz;1;;3;2;1;1;5;4;5;3;1;
512;e74cfe4655fd368c20d046cdc5968bb5;EAzkYmMNsM13z3R;1;;4;3;1;1;5;4;5;3;1;
513;436ae3df6c146ca19dfb74d1accd8bc3;1dNvyztKqkd6ufy;1;;2;1;1;1;1;3;4;2;1;
514;20e0579af2a98fa4717a8930827df888;owttTJnRlYvcSQf;2;;5;4;1;1;1;3;4;2;1;
515;2787394d8f1c162ef6af60c40d800f3a;jnK0mRHWsHqa8mC;2;;3;2;1;1;;3;4;2;1;
516;e6922d8060ed3ed500e601eddb476d6b;WDvcsav4RozAG7T;1;;3;2;162;1;5;3;4;2;1;
517;2d25212c6069fdfd51de693622a78eab;XhiayBF8Cs9RlVA;1;;5;4;1;1;1;3;1;1;1;
518;0d0c6c1378ad499502f71b04e49f8cf6;zW7ixfWhvG2p5Hg;1;;5;4;1;1;1;3;4;2;1;
519;f9cd345cad3b80da214155168d2dd7e8;T0Lu11lmVkIpCkH;1;;3;2;1;1;5;4;3;1;1;
521;009a38c96db841d5377816f3a041c5ae;4oAzPzZ0WPqwXP8;2;;2;1;162;1;1;2;2;1;2;
522;94904b06766f575e7fc4efd457ce47ba;vP49hNjOXrpqzcX;2;;4;3;1;1;1;4;1;1;1;
524;b06d61ec1fd12d716b64e6365bad97df;pYKSaaL2LSx0CHb;2;;3;2;1;1;5;4;3;1;1;
525;d50628141684b0268d150e11fd4252f2;WajDpHm1zzav0BT;1;;4;3;1;1;1;2;5;3;1;
526;407a6cc6603b31d69ef8cfe8d241287a;eahWbx1c0Nb1F21;2;;3;2;1;1;1;3;5;3;1;
527;000a2a4860a49afab64161103bff6be5;VOb7aMY46BcbV04;2;;3;2;1;1;5;3;4;2;1;
528;b07f639265d9669e9586f55eedda0e0a;Ir7HhdRefcGkDbz;2;;4;3;1;1;;4;4;2;3;
529;19fbecf28570f1afbec1633da258729c;8mEFQvyOgODvuu0;1;;3;2;1;1;;4;4;2;1;
530;b5851c5b929243b2f5a065cfc67c6101;uXV3dTmOkKWxiWH;1;;3;2;1;1;5;4;5;3;2;
533;02d9c25d90ad633b2363ec39c470c442;3uJxEAahzLikWGL;2;;4;3;1;1;;4;5;3;2;
534;801f57c515b6f533daef519528584838;CzV5dtuLzOs2GJJ;1;;3;2;1;1;;3;3;1;2;
535;1c81dda48c015b87db87cf4b97b8e71c;pyAs6IxJFDRM81l;1;;3;2;1;1;;3;3;1;1;
536;439656db3fc4fa48d776763d0a3a4e50;7IkUo2Fniko4Uqs;1;;3;2;1;1;1;2;2;1;3;
537;71a70a6a2e48bceec1283de9cd99abf7;6ykQiPg2XMdpHet;1;;5;4;162;1;;3;1;1;1;
538;0e9a307526ea5bd79550a708226ce7c2;IfPw6QnbWLUNZSu;1;;3;2;1;1;5;4;3;1;1;
539;702a29e475d46b3dacfc4a0d1aa847f4;oHrsGiEoKq7OCOa;1;;5;4;1;1;1;3;4;2;1;
540;44798f1d9a0938ea6dcce1e8159a5359;5qv46ahZ3bJFDyw;2;;3;2;1;1;5;3;4;2;1;
541;d7e53e456abdf27c2fec694491379313;HcAZB7StLuuJ4Gl;1;;2;1;1;1;1;3;3;1;1;
543;d9c6e1d2b316c532faf0fd78cce52065;Cja50ABvmFMcYSg;2;;5;4;1;1;1;2;4;2;1;
544;7bf9ec2f0051eac14ce1817f6c56ee95;V9VfZ6Nk68cCSaL;1;;2;1;1;1;1;3;4;2;1;
545;00c8cbffd9b0c04d06664a852d171698;uT4kObWVzWufnO4;2;;4;3;1;1;1;3;2;1;1;
547;c77f95e7f091f5535b876fbd1220832d;Kje3vc9y1F24rAP;1;;3;2;1;1;5;2;4;2;1;
549;99dc325dd09a0048080ebee105669fea;xoA6ly9pmHl6o5L;2;;2;1;1;1;;3;4;2;1;
550;3b6f1839cf5d0b2372e321ab91ae5304;7U8lpL1cvyOEhCj;1;;4;3;1;1;1;2;3;1;1;
551;cab3304eef9e67c73d0497a05427ece9;loAsFOA57QeejAa;2;;4;3;1;1;;2;3;1;1;
552;26d8e62f8037ec0f7d13d7b0f265a8dd;M5oaFlkRSU7vAuQ;2;;5;4;1;1;;2;2;1;2;
553;90313dae412eb6be5bafc22be4658277;GQgRmdtTEzavS7O;2;;3;2;1;1;5;3;3;1;1;
554;954d35e40cd1ebc2bd9fc4decaec3a3e;WvzPZ7MDMrktEPf;2;;4;3;1;1;5;2;4;2;1;
555;420844f013176044013f8eeda33c68c9;D1jKnUyCjFNpoEB;2;;3;2;162;1;1;3;3;1;1;
556;2479186b9d7314d7cf22a68b8f654b11;ea9CaOQ5AjlcKVH;2;;3;2;1;1;5;3;4;2;1;
557;8e8b0ab03bfb1c6e38ee065b018c9537;9Yczvc4o4B2jjNf;1;;4;3;1;1;;2;4;2;1;
558;cf99d8a4865e1c177be186f0c22b25af;zvxQDBdEy0piuey;2;;2;1;1;1;1;2;1;1;3;
560;44d2d2fcdde1c8b62bee2ba19e9dad0b;xkQBxggtmBlexza;2;;3;2;1;1;;3;2;1;1;
561;1da8eb077e3240faf2d71b898b2076b5;P21jdRnwl32toBg;1;;4;3;1;1;1;3;3;1;1;
562;2e06885dca517df9a77106c6bfb9d163;SEyZcolVzkZUpnG;2;;5;4;1;1;1;3;4;2;2;
564;62b5519cae84855ee89fd1f1940ef91f;CLxemy3J3NGCpKi;1;;2;1;1;1;1;2;1;1;1;
566;77bc7af0127b8ecde70774b728db08df;5grJtizFEyqH50N;1;;5;4;1;1;1;3;5;3;1;
567;e3a8cd38fb2b466c3e7c86aa738d19da;NYSp2voadkgIrHJ;1;;4;3;162;1;;3;5;3;1;
571;a3940de9561dacfd623462f92961be72;FQKO4doOYj1sgAN;1;;4;3;1;1;89;3;5;3;1;
572;3c9b32b00310d74e64b98d21cd766c25;tZYVD8hFWq5bNz1;1;;2;1;1;1;;3;2;1;1;
573;28af1f53696f66b8c477b332ff09e219;FuUlXE59Ah4M0QO;2;;2;1;162;1;1;3;3;1;1;
575;16fce0a3c18e433b865729149b59f959;4xC3rWZXZquLhwb;2;;4;3;1;1;5;3;2;1;1;
576;7cf8f87c8a6de52a6b1f09a7c037841e;ehfBzfpaIgUayvI;1;;2;1;1;1;;3;4;2;1;
580;ecfc0970584041eaecf703269eefd337;JCxBBz4K83kaRsa;2;;4;3;162;1;1;3;3;1;2;
581;9cd08666f6f1e84e71df9fc0353a628f;x8UQdHsQa5tjuWQ;2;;3;2;1;1;1;3;5;3;1;
583;6a367edf9598a9d6891d853784cc349e;ajSjSsrIYqNo9Go;2;;4;3;1;1;1;2;3;1;1;
585;30a610018d191276e8b875716563feec;k10uwFjTjQsQG49;1;;4;3;1;1;149;3;5;3;1;
587;680683568f96bc23838217fb731beeee;OLRWGDlkQf7wzhp;1;;5;4;1;1;5;3;4;2;1;
588;dd21e28162cf9aea62d2c4c515a10a48;aiICki4zAWkxqpK;1;;4;3;1;1;1;1;4;2;1;
589;e6e68cb26b26706bea1bac40393adc77;R28EnRLemvB7ahS;1;;2;1;1;1;1;1;2;1;1;
591;c8897a2d4f1d40c00cbbdab0b8bc752e;hdzpLvyPj7VVv9m;2;;5;4;1;1;1;3;1;1;1;
592;8c2d63bf323caf2a9d413a779d5a44f4;vz05HpwbpbJYJeC;2;;4;3;1;1;;3;3;1;1;
593;720eb77baba852af5a5f3fe4a812cf8f;nOnKhD2aPGf1j2V;2;;5;4;162;1;1;3;5;3;1;
596;4f9bb3e794c67cb794fdfd9bc3f42541;lkNEoA19araq7P3;2;;5;4;1;1;104;3;4;2;1;
597;b29816a8fcb652850260bc94bfc9c15d;BXKNeGymeqPDwpR;2;;4;3;162;1;1;3;4;2;1;
598;8ddcb00171693fd1e9479ada3df55fe1;xvnXJLqP91lS3yN;1;;2;1;1;1;;3;4;2;1;
599;673cacdc0fe5f5351e77b241a6591346;D04UDe6Wb84wtFn;1;;5;4;1;1;1;3;4;2;1;
600;b5bff91718c64e2706a8f4817676b073;6ct2Ajt8P8pc2Eg;1;;5;4;1;1;1;3;5;3;1;
604;a46134030ff33b3f8ae6a390d912247c;ezo8Xc0qXmkbJuH;1;;2;1;162;1;;3;4;2;1;
609;d8d3b9971730732b239c97d7cc2a57cf;Q2L8VTL25zdyRqu;2;;3;2;162;1;;3;5;3;1;
610;4a143c02e8bc63f82fb6a434af1758f4;Ry7WTUOvUoivlPA;1;;2;1;1;1;1;1;4;2;1;
611;f880cf894aa68d8adcd488f88b6cd28e;JsaNzjgQKivbwDG;2;;4;3;162;1;;2;4;2;1;
612;a25057d1e684e212aa651aafe2514750;TKDrqLxV4FmBuvw;2;;4;3;1;1;5;3;1;1;1;
613;702b4a9e34725f98e00cdd56cd8d5d44;n9x1OlCNvWz8KzD;1;;2;1;1;1;5;2;3;1;1;
617;9bc413f5ef61e34b46b0ef9b4dd3b4e3;sezgwgZ589dCz42;1;;4;3;162;1;1;2;1;1;1;
625;9abfb9cc4916ad3562fe7f347de88da3;FQFjg904Llp0fK7;1;;2;1;162;1;5;2;5;3;1;
628;d8ad232a5d7b44bc4980d4e5435fe08c;HXnOtN6wWum8prC;2;;2;1;1;1;5;1;4;2;1;
631;d201de9306a8b9cd77e0954413ccd903;cAzgLcBzsUOTr0b;1;;4;3;1;1;;2;3;1;1;
655;31a4957f32f7ad976b4706ddca7c9b77;EAE6fYoFuG5FRI1;2;;3;2;162;1;5;2;4;2;2;
657;e333dafed0a27a5a1522338039a5ed79;dyQgqI3puMBa4x8;2;;3;2;1;1;1;2;2;1;1;
658;1efe02a96a4998a67db3e8087367e10a;L6Bscb4yKZjSosd;2;;4;3;1;1;1;2;3;1;1;
666;0c4289b3e6282d87dd0c317aa7413879;3BYzLJ3mLzMsrsI;2;;2;1;1;1;5;1;5;3;1;
671;f4f97972d938693d21f3bca0589dbf1a;zNf1hW1MhBOneTm;1;;4;3;1;1;1;2;3;1;1;
672;fc164d38da21e27f2ca0ddb7161f6410;n2n1pEeTYIPelju;1;;4;3;1;1;1;2;3;1;1;
698;ef9e1b4cb2569abcca5c8a94408dd004;wtsOyntzfyGe3h3;2;;4;3;1;1;;1;5;3;1;
721;47a6f34c13d0a0bad6bbc06171c08cc8;UPiKJLibaPrMsPc;2;;4;3;1;1;;2;5;3;1;
723;630ccb28d4650edf97d586b0b30ac8f2;58HIp6lKOGszlXe;2;;2;1;1;1;5;1;3;1;1;
751;37198f0d21bb4489bbfbed4fc4af4942;a8c8W9NG8ayHVz0;2;;4;3;1;1;1;2;3;1;1;
758;3750267abadadec12a20a0169ccf3b57;cakDftmMYVM42W1;2;;5;4;162;1;1;2;1;1;1;
770;53108796938484a9c47dbee998eaac72;rzbFDylTwRphXaD;2;;3;2;1;1;1;2;1;1;1;
827;2c5397c78f2c344b7110550d911247d3;9UCLUBoH2yFKybd;2;;2;1;1;1;5;1;5;3;2;
837;2802380f2b023cd62fb5a9d6e463f843;3yuF4zTsgy09BPQ;1;;2;1;1;1;5;1;4;2;1;
1075;d2a060a67e3943db97d6f899fad56ae1;HlsWrdRu9cRUaEi;2;;3;2;1;1;5;2;5;3;1;
1104;75f13178f18c7b27f9b4b7140ddf1429;IEaYMn3jP0UvXo1;2;;2;1;1;1;5;2;5;3;1;
1124;b7db57e40ec5b98c4a5651aae6b6d437;o7SQuqZWuNqGCTd;2;;5;4;1;1;;2;4;2;1;
1140;891a5b7e2e5068f8abbbcca5c786e99b;zaFVsF0fEqLSN6U;1;;2;1;1;1;;1;4;2;1;
1207;171978726f1a67ecce3f4d64e7ffdfff;zkallCk3ovGuD3I;2;;2;1;1;1;;1;5;3;1;
1655;06838b2307046ed10e5ad7878d800c3f;FaVTIgGpFzqkkZv;2;;3;2;1;1;1;2;4;2;1;
1685;c68d468f378c276e9c66c8c3a2dcce15;3JZgjM0vBE3RkuA;1;;2;1;1;1;1;1;5;3;1;
1789;3d8e33096472c20dd222a953baa3ca8e;HXPoVVit5z6uGFQ;2;;3;2;1;1;1;2;5;3;2;
1811;037ba5fe3c78afc1a3d292ec25db4c5d;dwuhNOQuZkyehOA;1;;2;1;1;1;1;1;4;2;2;
1905;8a79cf9d76801700463ac142a224752b;PQzbHSbgLjRpOP6;2;;2;1;1;1;5;1;5;3;1;
1969;abd97490b08261aa0c85cd8f036d9800;2XOjjX8AMfx96ay;2;;5;4;1;1;1;2;4;2;2;
2075;f495ac5b7fd49a9efceb5c122dc870d0;QngZEfquiI43GAl;1;;5;4;162;1;5;2;5;3;1;
2308;f734378f2ce77ce1b66d53807ceb0ba8;uhzbNLa3QGCgqA5;2;;2;1;1;1;1;1;4;2;2;
2419;f6efa3a2708d0a23904a9c3f898a39de;LbLrYwTFyklQUnX;2;;2;1;1;1;5;1;4;2;1;
2421;9882962dad99b7895e9ce3c9d1fbb863;uZso8P8OqvPaTwY;2;;2;1;1;1;1;1;5;3;2;
2495;c2aa43716a8d67c5bd235ee43a54e0c5;OBEVsTnA3J1HRR6;2;;5;4;1;1;1;2;4;2;3;
2623;f0b3908864cf244434b23995c42ed013;7blqSeQnb31Zzhc;2;;2;1;1;1;5;2;4;2;1;
2757;e850a6afa39405e1ebfe2d9351e7a56e;GdBnftqxBfZPtTY;1;;5;4;1;1;1;2;5;3;1;
3127;0d84bfce8960248b3f157fea5f9af2fd;uxXihzmbL4NCfaz;2;;2;1;1;1;5;2;5;3;1;
3495;f273936a88f63761e56dda43d3611622;xC30LgRjoCrFkOv;2;;4;3;1;1;5;3;4;2;1;
3496;d710073e7b82f6be073c1d5824c93d17;I8QzrhPdZDsuyqY;1;;4;3;1;1;5;4;5;3;1;
3497;8571919211823cd817cbb7f2ccbd9d0e;4Uu1nZJnKzzByZN;1;;3;2;1;1;1;4;4;2;1;
3499;271c21ed60acb943195ed56a8863b8cb;5NQGddJQVxodg3a;1;;5;4;1;1;;3;5;3;1;
3500;abe965b80fd0cff66ae49ab46a0d9720;EANo1TchGhKY1Qg;2;;4;3;1;1;104;3;3;1;1;
3501;9cfa864b9ddd81d8e2d25fa01bd910dd;Wk95al2oKezwxaF;2;;2;1;1;1;5;3;2;1;1;
3502;411aa750810c762eea81fcc18814e20d;jg5w8V8kSJQXDtu;2;;3;2;162;1;1;3;4;2;1;
3503;5b94f9e32400e3b0cfdbf6d9f1efffd3;L895Axa7NDVADkD;1;;4;3;162;1;;3;2;1;3;
3504;8b6cb0ec0eff8a2da8392635d7de2f39;i3qRhlnuVaB2Kiv;1;;4;3;1;1;1;2;4;2;2;
3505;d727cf3f214fd60da0ecf93c946355ee;UH5uNEGeA5WfZQJ;2;;5;4;1;1;1;2;5;3;1;
3506;90869cbd980dafc074cd6b1effb980f8;mjIedzH2dzvasP8;1;;5;4;162;1;1;3;3;1;1;
3507;f0f25dc6b94bda6ae3fee6797e23afcb;qodzibjUOqrTYST;2;;4;3;1;1;1;2;3;1;1;
3508;b347999a629628b559b1f405e8b3e2b1;VZHfqfhFChaIplz;1;;4;3;1;1;1;3;4;2;1;
3509;8703ca2f33c450e48228c495bb151cab;a4WdXvfL6T18xgf;1;;4;3;1;1;1;2;3;1;3;
3510;658e249f04eb18290d6ebf47798ed542;UUcrl9BKlave1jp;2;;3;2;1;1;1;2;5;3;3;
3511;1ba33bfd8a7c45d71bf7b13c856f4129;qtqxbHLLnUAuobh;2;;3;2;1;1;;3;4;2;1;
3512;fb6ae915e4d190ac2e4fe8d93a7a3468;QngAuynwWuu1X0z;1;;3;2;162;1;5;2;3;1;1;
3513;191f0bf9570e7b191f8cabd52a7b2fb6;9h8WiA0CnBIuJ9E;1;;3;2;1;1;5;2;1;1;3;
3514;795e4e8e29737f9f3c98994f70b05752;DTbDaz1ucegcfsC;1;;5;4;1;1;;3;5;3;1;
3515;ea4b782e61e0523705006c963cf95b66;j2OkbCGgRfao1xd;1;;4;3;162;1;1;3;4;2;1;
3516;27b2e372ac39af068fd93beadff97c12;fsxPILO3oAyVtLL;2;;3;2;1;1;1;3;5;3;1;
3517;32522fe57f1c52961a024d74a28df40e;s8CoHXnJl5Fg40i;2;;2;1;1;1;;3;5;3;1;
3518;64c1b88c61d5d42c00b0681e43e4cf2f;HBh1m58YLx3ik2I;2;;2;1;162;1;;3;5;3;2;
3519;a8b5c1a21c9903715e13b6de5111303e;82r6SunyHnZSaUi;2;;3;2;1;1;5;3;3;1;3;
3520;546f5398c69a113633db6b8039cf2ceb;HowFafOvqBUpTBb;2;;4;3;162;1;1;2;5;3;2;
3521;2cfafda8de22fc4eb4553fdbccd641f5;lDoD4mamzYExCTS;2;;4;3;1;1;1;2;3;1;1;
3522;e9dbca7085b5b6ef1d152414f08d1176;FM59B7ebKz3woGV;2;;3;2;1;1;;2;3;1;3;
3523;979839677d1fc06ddee4f15e41dfeb5f;gDa9Dplwof8Pcbu;2;;3;2;162;1;5;2;5;3;1;
3524;dea36439ad8696dece3a501677e93bbe;mUP5pLklaqQiAua;2;;2;1;1;1;;2;2;1;1;
3525;eee1f9aa5fa552e70a3066f0cec2f114;higecbYF4jYY1tX;2;;3;2;1;1;1;2;5;3;1;
3526;15763bd7d2804e3671fa985431bfcd2a;wkSCjpyKWXt1DP4;2;;3;2;162;1;5;2;4;2;2;
3527;81026965f49b17ace154d48b59137ff1;qUm3TTr9yikHSjg;1;;2;1;1;1;5;2;5;3;1;
3529;7c80f0f0ebb89408f02ed171cc763463;GxqZoBxcbG4I2OF;2;;2;1;1;1;5;2;3;1;1;
3530;47bb6f421a5cbd70a44ff55597926b77;7XeM0rYRranMtLl;2;;2;1;162;1;1;2;1;1;1;
3531;693abe0c635bed4202564167c8c605b9;Yq87k0ceJ9EKj43;2;;5;4;1;1;1;2;5;3;1;
3532;d6aa26d18d9c660febcbb4d10a831da3;lVVAHdQCX2yVa3A;2;;2;1;162;1;1;1;3;1;3;
3534;3c55c83e1e16f163927449d02b20d289;UCcoS9cFmsmTPgi;2;;5;4;1;1;1;2;3;1;1;
3536;c1989f34aefd606f97dfa9e1df4e84a7;F6nkTe5UOgE9H8D;2;;2;1;1;1;5;1;4;2;3;
3538;fda8dfaac46b383165f5a317beb1f4b8;e3t5PLSOO1sCyYC;2;;2;1;1;1;;2;2;1;2;
3539;9b7ecf98bbeb8d410b83163a01c51bfe;Zz1Cjctr0da6zMe;1;;5;4;162;1;1;2;5;3;1;
3542;32b52ae320475e9f96e749842bd61d67;Vxv8EzQ4JMRL5GT;2;;2;1;1;1;1;2;1;1;3;
3543;0d226a065cdf9bef03a84cd67c191acc;tp9BusEEJwLV1nl;2;;2;1;1;1;;2;4;2;1;
3544;b2c049fc845f3a82166b4c4bc980dbb8;QYTiEkfWbiJN31a;2;;2;1;1;1;;1;3;1;1;
3545;101913c0753ce325a8bf7b1c4a9dd2c7;hnowffNNyWL4dhN;2;;5;4;162;1;1;2;4;2;1;
3546;4efbe15f758c1c651eb4957e4a1f8ee1;SYWZiwFCKC6Z0Zw;2;;2;1;1;1;1;1;3;1;1;
3547;e4f858bb10426c4c3982f52b588e1ccd;ra1AcOnRO9luxae;2;;2;1;1;1;1;1;1;1;1;
3549;527a7f7cb50632896f6033ad07543a1f;8p4rpqzO9MEbMip;1;;3;2;1;1;5;4;5;3;1;
3550;26f46cbfa87734b228d5121f4de9dff8;QpvGJVLthPNvmEV;2;;4;3;1;1;5;4;4;2;1;
3551;3f44b5da979c1e04c3a0030160d60661;3Z3VXi8O6ey4ylB;2;;3;2;1;1;5;4;4;2;1;
3553;2064274bd438f5a1c20244d6b92aabc4;G9WMiJppfawXGEU;2;;4;3;1;1;5;3;4;2;1;
3554;3d65f28c43cac848b505a3dcdcd17029;DmRNAMa1EbjbIEX;1;;4;3;1;1;1;4;4;2;1;
3555;b62f20e4fff08822d534760012a7093e;MhfyLzyxfhnD3oh;2;;5;4;162;1;1;4;5;3;1;
3556;3f09a07a8e55dd8269f8afe7584caa49;Pbqr2czW4ngf826;2;;2;1;1;1;2;2;5;3;1;
3557;e6213a1a6c55d7b0916ceb32e4a8198e;vWXNHjdNzDTYGyy;1;;4;3;162;1;1;3;3;1;1;
3558;41685b85002a39c807c46429eef02653;XcFpUumRhGuC1Uk;2;;3;2;1;1;5;4;4;2;1;
3560;991b109ea6634e5b0e77818e025fae95;3xTJwLbbK4fhW17;1;;2;1;1;1;5;3;3;1;1;
3561;0dfba7364b7438e042c7681eb1bd8689;jiAE5Fm9hPIH1xV;2;;4;3;1;1;1;2;1;1;1;
3562;3ec5c58a076e03d14be844bbf02393d7;tjayOS0mUXSdjU8;1;;3;2;162;1;1;4;5;3;1;
3563;00117166b473dfc2b8c68eece38b6281;a02t6aE5JjFhlOG;1;;3;2;1;1;;4;5;3;1;
3564;dac23eb5dbc44ffb7f6936fca9188e5d;v7wzqPghXTELWaK;1;;4;3;1;1;104;2;5;3;1;
3566;0218feac60529a0e86cd405866758039;l0Y47AeBR3RsZup;2;;3;2;162;1;1;2;2;1;1;
3567;25c587120031d313edaa7d4a2d44070a;YeIZfivbLfkaPIa;2;;3;2;162;1;1;4;3;1;1;
3568;43be50808a26cf5d9eccbabbc8e90c5c;9XrBaHICcXyYeEn;2;;4;3;162;1;;4;5;3;1;
3569;392a7bf0dc12468be3d263c4bd662bb5;jCbOWbLpjPK0acc;2;;3;2;1;1;5;4;4;2;1;
3572;b5c7c12ab1a9c5c10d1cb5edc4cf868f;astVMggeLu3qRC2;2;;5;4;1;1;5;4;5;3;1;
3573;1543fc94db24ccdc1d6e3e3a598d4c07;AuuhsOy77b4dzZ7;1;;2;1;1;1;;3;4;2;1;
3574;1a57b702c873a650b018a6144a904c63;QWSacDnuzDX8lTg;2;;4;3;1;1;;4;5;3;1;
3575;dfe46edf99b4ce528b6bff6654c28008;UXpdfk8ruNy4AMa;1;;3;2;1;1;1;4;5;3;1;
3576;1f3a81712d80e04e01cd8aab5911fa5c;6LnmPDvGRYZzycJ;2;;4;3;1;1;1;3;4;2;1;
3577;a2905bc2fc1e2ec8d94663ae56d6cbc6;m3CMqnenB11BJej;1;;4;3;1;1;5;4;5;3;1;
3578;d094db54046305ca2b75a25ef91fda47;BSqQ46XV5BxC1zB;2;;3;2;162;1;;4;4;2;2;
3579;30c2613cd2423ef96bbd52a7697e7152;HJCQ8MgOUzzy9xc;1;;3;2;1;1;1;4;4;2;2;
3581;9280dc73bd0a6d270836637c75b520bd;yp3BMPbiI3IGwwl;2;;4;3;1;1;5;4;1;1;1;
3583;19548e33b9607829265c6b8a0bb5694e;v49fBkIOkgwE1Pw;1;;3;2;1;1;5;4;4;2;1;
3584;a8fb701cff288e1baa1d71aee6d7aa28;c4E17h8zV4LMoGu;2;;3;2;1;1;1;4;1;1;1;
3585;75a0db294e4f7604bd4558f3eb17da3a;blFjkSUA8z6MaGH;2;;4;3;162;1;;4;5;3;2;
3586;314a72f4844b4e130634e8ccedc20968;zEdbWBrRW1SYhzq;1;;3;2;1;1;;4;3;1;2;
3587;d773f79841b69c5197a0ae1260b5e2b7;AHSohXVkVLlvLik;1;;4;3;1;1;89;4;4;2;1;
3588;881abc41007699dc9c6bcda37aa1fa4b;wFxrdaqDdSdjlUz;2;;5;4;1;1;1;4;5;3;1;
3589;ff86ade3dca3c8599e6907cd5166a31c;zaQd7I17hCnKTKc;1;;2;1;1;1;;1;3;1;1;
3590;604009bb0e52b5e418e2eb9fa95f097a;JNTaFUijDdh6iuH;2;;4;3;162;1;5;4;4;2;1;
3591;8ef7d575b02b4995f14319cff3ea55aa;4kx2QVI9GJEsMG3;2;;3;2;1;1;5;4;4;2;1;
3592;23fae5536e6f67afc9eee60a8bdb6386;lBzMqTzOCEqS8gv;1;;3;2;1;1;1;3;4;2;2;
3593;8881bfc12e7519204f16ca41d9072456;CgL5urtvsY251nA;2;;4;3;1;1;5;3;5;3;1;
3594;b44ce6bbda1be5300bb506ac060915d7;7Ec5EOAGK8dNfHX;1;;4;3;162;1;1;4;5;3;1;
3595;ca974f47dbfe5559915af50d31308fae;FU5M25HJu3CGohx;1;;4;3;162;1;5;4;4;2;3;
3596;813504ce8a76acdea5b82bd271ae3386;UOeLs0mIcrTkef2;2;;4;3;1;1;1;3;3;1;1;
3597;4a37198852821ebaecf3a8627a03d98a;jOQAOF3B6UPqHIs;2;;4;3;1;1;1;2;1;1;1;
3598;79c7d77d24476df40c21971c9da4a625;66tG7VKaFcGMPnc;1;;4;3;162;1;1;2;5;3;1;
3599;93a51dc6d707966893fb44402c52afbd;QYVIVdbqlx8SEQZ;1;;3;2;1;1;5;4;2;1;2;
3600;def78ec80bc058d415db8bfdf4a3721d;awqXIGNQMmZCi5q;1;;4;3;162;1;;4;5;3;1;
3601;f027aba7122606f119dc2d5ee003830c;SxHrE1POZeUhoRg;1;;4;3;162;1;;4;3;1;1;
3602;0b5426a8d306afacf33c8c76fdcb227b;mz0WmqdAB95A56o;1;;2;1;1;1;5;3;3;1;1;
3603;08650ea51e1ed46c97876f511c4e8b39;bGpWHlin772Acfy;1;;4;3;1;1;1;3;3;1;1;
3604;1ea43acb200d8e04e0b8ad9355e7f6d6;13oUvC2pFbaA9tU;1;;2;1;1;1;5;3;5;3;1;
3605;3ba17daee9fb5439e5db026571abcaf7;RWXM14lNsmrUrDb;2;;5;4;162;1;1;4;5;3;1;
3606;321d94b33122af9c7aa7b46f0a351e12;qcmBCpIAollRz72;2;;5;4;1;1;;3;5;3;1;
3607;5aca7b5399eaad3fcd6ceefe41a9f480;aNe2TzmOOu9SauL;1;;5;4;1;1;1;4;1;1;1;
3608;a823b010315480312c3f000798399daf;Cl9x8a7zb2Bqao6;2;;4;3;1;1;1;3;4;2;1;
3609;e7e9ef48764150f9a4e9998508da25aa;Tg0cbv8lWz3hczS;1;;4;3;1;1;1;4;3;1;2;
3610;6bd1be28d649e54e21dffa5802f51455;aUtvIHVZDM8LRWb;1;;3;2;1;1;1;3;1;1;1;
3611;ffb6a54801b36e5bce46eda43e2a31b9;alK3ilrgYbmeaRM;2;;2;1;162;1;5;3;3;1;1;
3612;5c31c902a5bbc2eb9b6b1fa601f15a8f;PkB0z3BwEKuodMH;2;;4;3;162;1;;4;4;2;1;
3614;0db720ec9b37b50b5612c72202f09c62;vRtGI57ZVGgzLoA;1;;3;2;1;1;89;4;5;3;1;
3615;71582c342120bcd7a051daf0aac373fe;jpCfM6gjfaDCdJl;1;;3;2;162;1;5;4;4;2;1;
3616;9232092d818c6b9789e7c767950d519d;pU9pr5bDPFqyNK8;1;;4;3;1;1;;2;1;1;1;
3617;ef1c78cb7b97308707e6385a2c338576;Eftliwq7BlIL9rR;1;;4;3;162;1;;3;5;3;1;
3618;d345d068538814dd3650714032fae88f;zbmYQ4cP2TQ2kkp;1;;4;3;1;1;;4;3;1;1;
3619;7228dbbbccfc3ea51bcc40fbec3dc4ed;z6gsr40L7nC3n28;2;;4;3;1;1;1;3;2;1;1;
3620;89b73aece41fd5aaeb1e2ab247368a12;S738eUHlKMhcdyB;1;;2;1;162;1;89;4;4;2;1;
3621;6d2b619b244b22922a94b8ae4e0c9b14;ERhFl0XnvmTBGbW;1;;3;2;162;1;;4;4;2;1;
3622;2c13612ac9de0fa804db891c78f408d9;X0z1pz4Zv4Uwvqm;1;;2;1;1;1;;4;4;2;2;
3623;487327edd07c6594499b4f5e98903576;e9arPSuXhkrUs2h;1;;3;2;1;1;5;4;4;2;1;
3624;b5d92ad50d410f7daf31f5a1be46ebe4;gnFaWxm2xLfsI6f;1;;2;1;162;1;;4;4;2;1;
3625;ff7117dcbbe8fac24cd3a52e6e70b045;SURpEWYoTjQl2bd;2;;5;4;162;1;;4;4;2;1;
3626;a90d58057be728faec18c19d65e82b5a;bpkIHGgbgzDxube;1;;3;2;1;1;;3;5;3;1;
3627;df2d0f13f83056ba08e76208cc5925ab;JilgzFat52zaxVM;1;;2;1;1;1;;2;3;1;1;
3629;7e7ad1ad8605df0fed7ef96ffef98dfb;JH9w0VzH8dKW0e6;1;;3;2;162;1;;4;5;3;1;
3630;de74f2b98361ba4f744c84e186aee3fb;0EcaiaTW29ZES7i;1;;3;2;162;1;1;3;4;2;1;
3631;5ba0385f7ae31f25064d0de475b12e9b;uqTDjOCGGxQvCXi;2;;3;2;1;1;5;4;2;1;1;
3632;23b2382f5302086dcdb466c27eb25f89;2pQeyTvzSWtF8EO;1;;3;2;162;1;;4;4;2;1;
3633;dbc9fb8d86982258d9652397d1e48ecc;zxQYahqYyjbJJzG;1;;3;2;162;1;24;3;4;2;1;
3634;86356eb41099057e2345b857799d5ef6;zz9imjpCTkbnTZD;1;;4;3;1;1;1;2;3;1;1;
3636;1536be18019df8050f809b2ed13dcb61;Fw3KBQzrfju6oaJ;1;;3;2;1;1;;4;1;1;1;
3637;5e3d535f5244b8f8abaaad87417f94da;9Dpjcj1IapypoqI;1;;5;4;1;1;5;4;4;2;1;
3638;f124693cd1ddb34941d6accd1963dfbf;uMeIT3T3TWIyJA7;1;;3;2;1;1;5;4;4;2;1;
3639;0e12308ff7b3bdbfd13874531a323545;UUS9zHy1ZOtY7gn;1;;2;1;1;1;;3;3;1;1;
3640;7fd23879b64918015242181e528f4e89;VtXOBW9K690uTWi;2;;2;1;162;1;5;3;4;2;1;
3641;969e1c9d17e26ce68f85ebf9b6a15b58;FxV7QMAJWqZyzXA;2;;4;3;162;1;5;3;4;2;1;
3642;aa0e93ca09ef0f84b5ffa1db19fbd5d6;leylwx5J389ZOCM;1;;4;3;1;1;1;1;2;1;1;
3643;c5b078523fbcf59c32ffceb9e47c8a7a;JI7DjmrKdqx6I25;1;;3;2;1;1;1;4;3;1;1;
3644;c2b290261fadf9be33acddbcf3d3c5e5;i5zAiulpijpcJ9d;2;;4;3;1;1;102;3;3;1;1;
3646;260caf45c0f313bc94f7bf3902ba40e9;SLCaqBGLhURinom;1;;4;3;162;1;141;4;4;2;1;
3647;a77be71a6f41d6b695931b5196c1e7c1;diDDV3jkzOwfGe0;1;;4;3;1;1;5;4;5;3;1;
3650;cfa37f379cca8cd07228c610a6ba57f6;zzzexnnVPIzRjrA;1;;3;2;162;1;1;4;4;2;2;
3651;fba47f45a90743f37879e93f5dcb59c2;VgahmztrSyWr6Wz;1;;2;1;1;1;5;4;5;3;1;
3652;6b69f45acc99eee6a9344e5a3fa6e2b2;fEMxHPFWn7uZaRB;1;;3;2;1;1;5;4;4;2;1;
3653;22ed24a0989423f524e53af6971e5d97;RzXxM01ANurz9dz;1;;2;1;1;1;1;3;1;1;1;
3654;bd25a31d86d8500a36d97205c4a44011;LrStVBNSswHAHv3;1;;4;3;162;1;1;3;1;1;3;
