Numer wywiadu,r2: Id respondenta,pid: Zmienna addresowa pid,q2: Wskaż swoją płeć.,"q3: Inna, jaka?",q4: Wskaż swój wiek.,q5: k_wiek,"q6: Wskaż państwo, w którym mieszkasz obecnie. Chodzi tutaj o miejsce stałego pobytu, a nie o pobyt tymczasowy (np. w celu wyjazdu wypoczynkowego lub służbowego).Wybierz z listy",q7: Jakim językiem / językami posługujesz się najczęściej w swoim domu?Język pierwszy:,q8: Język drugi:,q9: Jakie masz wykształcenie? Chodzi tutaj o ukończoną przez Ciebie szkołę̨ najwyższego szczebla.,"q10: Być może zetknąłeś/-aś się z informacją, że na Ziemi zachodzi obecnie zmiana klimatu. Korzystając z poniższej skali (1-5) zaznacz w jakim stopniu martwisz się zmianą klimatu: gdzie 1 oznacza, że w bardzo małym stopniu martwię się zmianą klimatu, zaś 5, że martwię się w bardzo dużym stopniu.",q23: k_poziom
3.0,81c1547daee920e189564559e194b4af,869241517,2.0,,4.0,3.0,1.0,1.0,,3.0,3.0,1.0
7.0,2075f70c90f00e8d2c6d0e10b13a6ecf,912875483,2.0,,5.0,4.0,162.0,1.0,,2.0,5.0,3.0
9.0,f1129bdfb021b15f5d691c1238356625,886046719,2.0,,3.0,2.0,1.0,1.0,1.0,3.0,4.0,2.0
12.0,88b0c39d387ec18f16d28b6c351e7e16,446048378,1.0,,5.0,4.0,162.0,1.0,1.0,3.0,5.0,3.0
13.0,7086850bafb6b56c688c84934fd647df,67007912,2.0,,5.0,4.0,1.0,1.0,,3.0,5.0,3.0
17.0,8416e7c2cca9916775291979e4ac89f5,537528282,2.0,,4.0,3.0,1.0,1.0,104.0,2.0,4.0,2.0
20.0,ea312e986b811c518d2b72c0700c0c2a,588407487,2.0,,3.0,2.0,1.0,1.0,1.0,3.0,2.0,1.0
25.0,5d6de3621bae45a488fa932ae86557e5,735723690,1.0,,5.0,4.0,162.0,1.0,1.0,4.0,5.0,3.0
26.0,be8980d2882898b71a1bfd1065b6a791,143234015,1.0,,4.0,3.0,1.0,1.0,,4.0,5.0,3.0
29.0,52b6421a9851deab8186a0642faefd03,917431871,2.0,,2.0,1.0,1.0,1.0,,3.0,3.0,1.0
30.0,d4fdb440f69bfdb848f6537c47000613,615965663,1.0,,4.0,3.0,162.0,1.0,1.0,2.0,5.0,3.0
33.0,e8160f82df0e5278361768b9c4d61c14,318148598,1.0,,5.0,4.0,1.0,1.0,1.0,2.0,3.0,1.0
36.0,b39f223ad812ea0b6941ec5a0a712403,874291671,2.0,,3.0,2.0,1.0,1.0,5.0,4.0,4.0,2.0
37.0,4a65b78058513513450673b0e1795ce7,710907826,1.0,,3.0,2.0,1.0,1.0,5.0,4.0,3.0,1.0
43.0,e52fa1451c17b8e3a8bc8bf0e5ee102e,924757329,2.0,,5.0,4.0,1.0,1.0,1.0,2.0,5.0,3.0
44.0,148a25f26f205e065937c0d3a7cdbaa4,907347881,2.0,,5.0,4.0,1.0,1.0,1.0,2.0,3.0,1.0
45.0,78fe3b5ff1dd810220c78daf2e9cd7ae,923526222,1.0,,2.0,1.0,1.0,1.0,1.0,2.0,3.0,1.0
48.0,508f2969c1809ee42a5524a0cf8e96c8,368223345,2.0,,4.0,3.0,1.0,1.0,36.0,4.0,2.0,1.0
53.0,ff882537af3ed71c767bbab5400711ce,855957438,1.0,,3.0,2.0,1.0,1.0,,3.0,3.0,1.0
55.0,8ac250019644dea02d2c07dd7585fa28,144436292,2.0,,2.0,1.0,1.0,1.0,,3.0,3.0,1.0
60.0,228d57a672948a8ac97e0e58f9578972,923912984,2.0,,4.0,3.0,162.0,1.0,1.0,2.0,3.0,1.0
68.0,0ebf0aae6fdd7198ce742654c4fc2929,920659367,2.0,,4.0,3.0,1.0,1.0,1.0,3.0,4.0,2.0
71.0,1b606c20d7d1819b321d39acaabea22f,191584714,1.0,,3.0,2.0,162.0,1.0,1.0,4.0,5.0,3.0
72.0,a88f29cf21ff2e43bba601e79cf8f57a,913643908,2.0,,2.0,1.0,162.0,1.0,1.0,1.0,1.0,1.0
75.0,846f995304d37cf05ee3b76f0eec65e4,626892118,1.0,,4.0,3.0,1.0,1.0,1.0,2.0,5.0,3.0
76.0,22219a6a8643a7eef774577105b6fe43,918343016,2.0,,3.0,2.0,1.0,1.0,,3.0,2.0,1.0
77.0,31ec5363c9a3ef2156eb8c7df2b73ef0,192560933,2.0,,3.0,2.0,1.0,1.0,1.0,4.0,4.0,2.0
80.0,88befc24f029fcb33b118704369141a7,917125492,2.0,,2.0,1.0,1.0,1.0,5.0,3.0,3.0,1.0
83.0,d87fb2d83612de28c8ee9e456b0c85a0,492167708,2.0,,2.0,1.0,1.0,1.0,24.0,3.0,2.0,1.0
84.0,3043f52db08252d53bc82f963e94bead,923257770,2.0,,2.0,1.0,1.0,1.0,,1.0,1.0,1.0
87.0,f24a159c4c6921a2db7e4ed5b3b7e6c9,907383644,1.0,,4.0,3.0,162.0,1.0,,4.0,3.0,1.0
89.0,ddbf64dd9ab89172d288e89921a6966a,909995769,2.0,,3.0,2.0,162.0,1.0,1.0,3.0,3.0,1.0
90.0,0c4276fcb129f8b6cc6bc2d57c50486d,737145389,1.0,,3.0,2.0,1.0,1.0,1.0,4.0,4.0,2.0
93.0,629fa1967f247d8f08c79c1a69cd36c3,566724962,1.0,,5.0,4.0,1.0,1.0,,4.0,5.0,3.0
95.0,ad06e6019ab08989d2e83cc5f0a88ea6,905562138,1.0,,3.0,2.0,162.0,1.0,1.0,4.0,4.0,2.0
97.0,4ffedc01ad6d99ef73cf5f0642cdb7b0,777282349,2.0,,3.0,2.0,1.0,1.0,5.0,4.0,5.0,3.0
99.0,0c39314e81dfba41bc859e451a01d2ae,510881789,1.0,,4.0,3.0,1.0,1.0,,3.0,3.0,1.0
101.0,64a56e23449b9d35899509fe5dea1647,924785571,2.0,,2.0,1.0,162.0,1.0,123.0,3.0,5.0,3.0
103.0,a9125f3617974936a5efb39de89d151d,679047997,1.0,,4.0,3.0,1.0,1.0,5.0,3.0,5.0,3.0
104.0,7d557e4a603afb099c2d7374a5cd314e,843668504,2.0,,4.0,3.0,1.0,1.0,1.0,3.0,2.0,1.0
110.0,f27f0977f01eb2e526bfc45678c6e30f,919777910,1.0,,2.0,1.0,1.0,1.0,5.0,3.0,4.0,2.0
113.0,1006fdace4eb6bc6b142dbb2686fb7d3,888749329,2.0,,3.0,2.0,1.0,1.0,5.0,3.0,4.0,2.0
115.0,8e69412d0f73d8b3895d0fba62ae8cfd,822452816,2.0,,4.0,3.0,1.0,1.0,1.0,3.0,4.0,2.0
117.0,9acf0fff3152da7452c437f1e362917b,884934552,1.0,,4.0,3.0,1.0,1.0,1.0,4.0,3.0,1.0
119.0,a7bf05e3a7bc85acd55479a7c6b36705,83213609,2.0,,3.0,2.0,162.0,1.0,104.0,4.0,4.0,2.0
123.0,150e60b4acc3baa0d8b796ce8b3aa8d4,785077483,1.0,,3.0,2.0,1.0,1.0,5.0,4.0,4.0,2.0
124.0,586a40e0ed1bcc101d7342b97ba7212c,239831206,1.0,,2.0,1.0,1.0,1.0,1.0,4.0,2.0,1.0
125.0,96d7abd83fbd6f604a91f895398860a7,916597167,2.0,,3.0,2.0,1.0,1.0,,4.0,3.0,1.0
127.0,47ffd372d7d9e2a09488259f98f344a1,917551806,2.0,,3.0,2.0,162.0,1.0,5.0,3.0,4.0,2.0
130.0,07621658f359187966f489cafbfaec5e,920431331,2.0,,2.0,1.0,1.0,1.0,1.0,3.0,3.0,1.0
134.0,7b1a90493be01e2a714482404f863414,811128357,1.0,,3.0,2.0,1.0,1.0,5.0,4.0,5.0,3.0
138.0,02dd1287d904bbfef10de13b96734aeb,767349716,1.0,,3.0,2.0,162.0,1.0,1.0,3.0,5.0,3.0
142.0,44aafa35175d720bd85826a362490515,899064567,1.0,,3.0,2.0,162.0,1.0,1.0,4.0,4.0,2.0
143.0,12cdb60c5e7f8f6e96de816ac0046da8,917582302,2.0,,3.0,2.0,1.0,1.0,5.0,3.0,4.0,2.0
144.0,474d8b9fb9428be43b454796aeb5d0fa,907748009,2.0,,3.0,2.0,1.0,1.0,5.0,3.0,4.0,2.0
145.0,935b7dee21fb1334686dd72788615ac5,814290226,2.0,,3.0,2.0,1.0,1.0,5.0,4.0,5.0,3.0
146.0,f295f3006f40d7eaefbdb18cfc2ca34d,752069053,1.0,,3.0,2.0,1.0,1.0,1.0,2.0,3.0,1.0
149.0,5014ef064faffca150efb79431d72d24,259264381,1.0,,3.0,2.0,1.0,1.0,5.0,4.0,5.0,3.0
151.0,b5943e6b63f0d266bcd5e1cebd1b3a44,912042264,1.0,,4.0,3.0,1.0,1.0,5.0,4.0,5.0,3.0
153.0,6524a4ab63ac043c7155f53ac6686303,814642087,1.0,,4.0,3.0,162.0,1.0,1.0,4.0,4.0,2.0
156.0,449b1e4ca23d6a1c960611992eb5ecb1,895369384,2.0,,4.0,3.0,1.0,1.0,1.0,3.0,4.0,2.0
166.0,93f717339b7ce80a06f2ff5c4b1de444,109242153,1.0,,4.0,3.0,162.0,1.0,1.0,4.0,5.0,3.0
167.0,f68cf3a936ece9e226093195e94e6836,105548923,2.0,,4.0,3.0,1.0,1.0,1.0,4.0,4.0,2.0
170.0,d64c8e6872b36602588f419c981aa220,922242197,1.0,,2.0,1.0,1.0,1.0,5.0,4.0,4.0,2.0
179.0,49a8bc97f1f5096365c75ef21bd37ee0,913704966,1.0,,2.0,1.0,162.0,1.0,5.0,3.0,4.0,2.0
181.0,ac9fdbc8c6554a99b462731c73323b28,920186770,1.0,,4.0,3.0,162.0,1.0,5.0,4.0,4.0,2.0
184.0,a569e379dfa31b5f396714c198d544c6,30904579,1.0,,4.0,3.0,162.0,1.0,5.0,4.0,4.0,2.0
187.0,559e1ac0684a91782f4837bf9d86e7d7,915660084,1.0,,4.0,3.0,1.0,1.0,5.0,4.0,5.0,3.0
191.0,a5215c82d4c59c2c3ca14839d5054ee3,882197282,2.0,,2.0,1.0,162.0,1.0,5.0,3.0,4.0,2.0
193.0,6943111e3c23ccec060f98d6d6052498,802176198,1.0,,3.0,2.0,1.0,1.0,5.0,3.0,4.0,2.0
196.0,9ad3239fe857a89717287d5883d1a9cf,81109611,2.0,,4.0,3.0,1.0,1.0,1.0,1.0,4.0,2.0
198.0,bcb74de069880b186c09891886b3236d,854399125,1.0,,3.0,2.0,1.0,1.0,,1.0,2.0,1.0
206.0,1f7559ab81930d41d3c01851041390af,811691131,2.0,,5.0,4.0,1.0,1.0,152.0,3.0,5.0,3.0
207.0,47a1ca081688daeb3b8bb808d6af3b2d,738792203,1.0,,3.0,2.0,1.0,1.0,,4.0,2.0,1.0
214.0,b52462599d8c7875276d524fe85d8da5,842625688,2.0,,3.0,2.0,1.0,1.0,1.0,4.0,5.0,3.0
217.0,887ca2eb64cb2f28004487ddc6ee2f98,534452908,2.0,,3.0,2.0,162.0,1.0,5.0,3.0,3.0,1.0
223.0,e46b0b19c2cbad31cfac0fb40ff6bd51,649179761,1.0,,2.0,1.0,1.0,1.0,1.0,4.0,3.0,1.0
226.0,1f5bb766e7415c124c85a6fb2da9da58,875248774,1.0,,2.0,1.0,1.0,1.0,1.0,2.0,5.0,3.0
228.0,1ffe2f1518a21fa35e8ff5075a5e1fab,862113043,1.0,,2.0,1.0,162.0,1.0,,1.0,3.0,1.0
231.0,5cc5c9a3878892da1432abe682ff2216,265631219,1.0,,4.0,3.0,1.0,1.0,1.0,3.0,5.0,3.0
232.0,32d86965f312a6c982fed4b0b7536857,851667005,2.0,,4.0,3.0,1.0,1.0,1.0,1.0,3.0,1.0
234.0,35aca83031a9854b45e8ac23e62c658e,683587401,2.0,,4.0,3.0,162.0,1.0,5.0,4.0,5.0,3.0
235.0,f299533fe932d44e008701dcea813cd9,911840141,2.0,,4.0,3.0,162.0,1.0,1.0,3.0,1.0,1.0
238.0,38edfaafc556569d36856eb933731c38,924886238,1.0,,3.0,2.0,1.0,1.0,5.0,3.0,5.0,3.0
241.0,fc42aaeca7e5357c9bb814277534a42c,918198674,2.0,,2.0,1.0,1.0,1.0,5.0,3.0,4.0,2.0
246.0,eea0133acde6efeedcc811ad66066da2,924840684,2.0,,3.0,2.0,162.0,1.0,,3.0,3.0,1.0
250.0,2c9fd2f06a0e61aa7f8f8d736e2203cd,769367335,1.0,,4.0,3.0,1.0,1.0,,4.0,5.0,3.0
251.0,1c448d8216f63d3f2110294401adb118,84004061,1.0,,3.0,2.0,1.0,1.0,5.0,4.0,4.0,2.0
254.0,5cfbda2b7f308100ed7a8d9624ec48ed,890263518,1.0,,5.0,4.0,1.0,1.0,,3.0,4.0,2.0
257.0,6919a3ebc2d68b1962c307496510f50a,41734054,1.0,,4.0,3.0,1.0,1.0,,4.0,4.0,2.0
258.0,cd4c8f4e91ff9fdab72f16979aa85344,914047759,1.0,,4.0,3.0,1.0,1.0,5.0,3.0,1.0,1.0
261.0,18117d9cb7ff53689374344ac3eaff32,924997294,2.0,,3.0,2.0,1.0,1.0,5.0,3.0,4.0,2.0
262.0,3ac81f57a927e96adbe01090e1bae133,880243709,2.0,,3.0,2.0,1.0,1.0,1.0,3.0,3.0,1.0
263.0,acb95e05fafa9468613d5d532e601a0b,304847454,1.0,,4.0,3.0,1.0,1.0,5.0,3.0,5.0,3.0
267.0,41e853615b13bfcded28024bfa7fb4f8,758473900,1.0,,4.0,3.0,162.0,1.0,1.0,4.0,4.0,2.0
272.0,98d2215f543a721638bc756354c21851,881405773,1.0,,4.0,3.0,162.0,1.0,1.0,4.0,5.0,3.0
276.0,99f081f7844764e9935a036bf667d7ce,922546183,2.0,,4.0,3.0,162.0,1.0,,3.0,3.0,1.0
281.0,3d4b7947970ddfe4ee36eed7fc973da7,921179542,2.0,,2.0,1.0,162.0,1.0,5.0,1.0,3.0,1.0
287.0,6f81ab877c86b949909bc1c3b3866884,718771725,2.0,,4.0,3.0,1.0,1.0,5.0,4.0,5.0,3.0
290.0,7f7bd66276763408d9beb34c2b76e038,872280228,1.0,,4.0,3.0,162.0,1.0,1.0,1.0,5.0,3.0
291.0,51634f82347b0870a1b98d00c05b6e30,1726611,1.0,,4.0,3.0,162.0,1.0,1.0,4.0,3.0,1.0
293.0,c3e8ba66321a88fb30b1d2f664477eb9,924799154,2.0,,2.0,1.0,162.0,1.0,5.0,3.0,3.0,1.0
297.0,ee4c2bcbc85842abbaa721e3a730ed57,639433541,1.0,,2.0,1.0,1.0,1.0,,4.0,5.0,3.0
300.0,f73dee31f49f972b863d8490c49dc13b,612816986,2.0,,4.0,3.0,1.0,1.0,104.0,4.0,4.0,2.0
302.0,e013b5b54bd4c6d97dd6bb91b0cb790d,925003488,1.0,,2.0,1.0,162.0,1.0,5.0,2.0,4.0,2.0
306.0,abf4031bebe87a7b381c5724334d8f22,595624213,2.0,,4.0,3.0,1.0,1.0,1.0,4.0,3.0,1.0
309.0,8ec3a2fc340beca85f9f92a2e3326c4f,923966792,1.0,,3.0,2.0,1.0,1.0,5.0,3.0,5.0,3.0
313.0,6ca76869d14cade6a3664ea295dba763,122285458,1.0,,4.0,3.0,162.0,1.0,5.0,4.0,4.0,2.0
317.0,7585484ab73bb6bf7bb0adef46a7aa67,920423028,1.0,,4.0,3.0,1.0,1.0,1.0,4.0,5.0,3.0
318.0,510d0fbe839db9306d7636acdc5cfc04,882095623,2.0,,4.0,3.0,1.0,1.0,,4.0,2.0,1.0
321.0,d09973db22b3ebc5e5493f91e75121a4,897788608,2.0,,3.0,2.0,1.0,1.0,1.0,2.0,5.0,3.0
323.0,2202ab10e757be6f015ef4827fdb5e90,81779834,1.0,,4.0,3.0,1.0,1.0,,4.0,4.0,2.0
327.0,277277fa44627ceab3e91e6543e5e496,907393651,1.0,,4.0,3.0,1.0,1.0,1.0,2.0,3.0,1.0
328.0,0f0745aa4200901098697ff31a1f80b7,700605339,2.0,,2.0,1.0,1.0,1.0,5.0,3.0,5.0,3.0
329.0,b9a86b392c2c5a34c9727e3066ffbec1,151720245,2.0,,4.0,3.0,162.0,1.0,1.0,1.0,1.0,1.0
331.0,dce30ee2d9d5113e45e9c4bcbab299ff,880656851,1.0,,2.0,1.0,162.0,1.0,5.0,3.0,4.0,2.0
332.0,7227b87401a9973259996241bcf0755d,720516655,2.0,,4.0,3.0,1.0,1.0,1.0,4.0,4.0,2.0
337.0,7e772e87945c9ba15555c4488f47c5b4,867605494,2.0,,3.0,2.0,1.0,1.0,,4.0,3.0,1.0
338.0,82e29ddc621c08d5249b79f74910c717,772144240,1.0,,4.0,3.0,1.0,1.0,1.0,3.0,4.0,2.0
340.0,eef7a53465cab4c6a73a9e7cff4c5567,917049228,1.0,,4.0,3.0,162.0,1.0,1.0,2.0,3.0,1.0
342.0,8cadc314d7fe3a490eda627afb6507fa,831897877,1.0,,4.0,3.0,1.0,1.0,1.0,3.0,3.0,1.0
345.0,76124c2b120fafc40792508e869fe050,901992484,2.0,,4.0,3.0,1.0,1.0,1.0,3.0,2.0,1.0
347.0,05f3685706733f8bc3a6c84742ff7eb7,537247755,1.0,,4.0,3.0,1.0,1.0,1.0,4.0,4.0,2.0
348.0,23f587a98691c1534fc1d291b8ad7792,461377917,2.0,,5.0,4.0,1.0,1.0,104.0,3.0,5.0,3.0
351.0,dd79599769a62b4951d897a705588733,16630555,2.0,,4.0,3.0,162.0,1.0,,4.0,1.0,1.0
353.0,97b9a9e40c84e3a43d9c25904959ee71,804042444,1.0,,4.0,3.0,1.0,1.0,,3.0,5.0,3.0
354.0,e9d7b051c05f53230862c4c5603253b7,911330336,1.0,,4.0,3.0,1.0,1.0,1.0,2.0,5.0,3.0
366.0,a7ab6652795c184ca5e1c2b852f993ee,773770585,1.0,,3.0,2.0,1.0,1.0,1.0,3.0,5.0,3.0
368.0,076c40cd425ebec6423a1ec59ab81f85,519938126,1.0,,4.0,3.0,162.0,1.0,1.0,4.0,4.0,2.0
370.0,9e8d3df9044258d2f96d4d1a136834ad,911535372,1.0,,2.0,1.0,1.0,1.0,1.0,3.0,5.0,3.0
371.0,91b13912630b25663c72d623c68c227f,910949941,1.0,,3.0,2.0,162.0,1.0,1.0,2.0,4.0,2.0
373.0,3546e9af9d5ebac8b2bcff6e200d2e8c,898837595,1.0,,4.0,3.0,162.0,1.0,5.0,3.0,5.0,3.0
377.0,5d743cc7b6d4067231a97f403384363d,1690406,2.0,,4.0,3.0,162.0,1.0,,3.0,1.0,1.0
383.0,4be7563a28f87d20eb35c9b8532bd5c7,816978726,2.0,,4.0,3.0,1.0,1.0,1.0,3.0,3.0,1.0
388.0,ccc9ffbc1521afe865537cdfa161acce,865127849,1.0,,3.0,2.0,162.0,1.0,5.0,3.0,5.0,3.0
389.0,a62d89010ff0fe70b9550119afda7a1b,403908032,1.0,,4.0,3.0,162.0,1.0,1.0,3.0,5.0,3.0
392.0,490bc2ccd272560b54ce88cd4e25e23a,312764964,1.0,,4.0,3.0,1.0,1.0,1.0,2.0,4.0,2.0
395.0,b4ef1ffed0b210ba4b9bcc7e71d794c0,409248421,1.0,,3.0,2.0,1.0,1.0,1.0,3.0,3.0,1.0
404.0,cf11b2cfa3027a3544605b73e4f54b7f,109012923,2.0,,4.0,3.0,1.0,1.0,1.0,4.0,3.0,1.0
405.0,a0922ca237d90cb3ef7741378e1caa40,918789038,1.0,,3.0,2.0,162.0,1.0,1.0,4.0,5.0,3.0
406.0,83fac76a1ce4a8495ed6501d8852dd94,917268010,1.0,,2.0,1.0,1.0,1.0,1.0,4.0,4.0,2.0
408.0,902bc564c206d26231c86dd566693b19,773134559,2.0,,2.0,1.0,162.0,1.0,1.0,1.0,3.0,1.0
411.0,f5476fe155c78dc13891418458a44ce1,675796005,1.0,,4.0,3.0,1.0,1.0,,4.0,5.0,3.0
414.0,4299e190d9a55175a4959d3728931cae,925004995,2.0,,3.0,2.0,1.0,1.0,,2.0,5.0,3.0
415.0,0be2f5651686a727f7289fb0de99f4ef,884326358,1.0,,3.0,2.0,1.0,1.0,5.0,4.0,1.0,1.0
418.0,7b7d64b838d83192ddb21877eb587763,869335210,2.0,,2.0,1.0,162.0,1.0,5.0,3.0,3.0,1.0
420.0,94466425888036b69ff90bc849afc376,921452112,1.0,,3.0,2.0,162.0,1.0,1.0,2.0,3.0,1.0
421.0,ea867fbcbd540e7f25f4aa400bbb06c5,32366797,1.0,,3.0,2.0,1.0,1.0,,3.0,2.0,1.0
422.0,b77e37d32189929b53192113669bb94e,501567974,1.0,,4.0,3.0,162.0,1.0,104.0,3.0,5.0,3.0
424.0,2ad6c1ab01c650bf6ce390da6e4f94be,526938910,1.0,,3.0,2.0,1.0,1.0,,4.0,5.0,3.0
425.0,30bb8cbf52b6a6c01d5a620d0aee3b4c,395023897,1.0,,3.0,2.0,1.0,1.0,5.0,4.0,4.0,2.0
426.0,c50d65e16273174975c2670a5a5c8d2b,608244143,1.0,,4.0,3.0,1.0,1.0,47.0,4.0,1.0,1.0
427.0,e7d156cbdf572c96d538b756ae17b05b,31269846,2.0,,5.0,4.0,162.0,1.0,5.0,4.0,5.0,3.0
436.0,984ed3542f147dfde22f652dd06ab697,911368287,2.0,,4.0,3.0,1.0,1.0,1.0,1.0,2.0,1.0
437.0,fe94b92aa325431b062b1c2adfbc401c,757746646,1.0,,4.0,3.0,162.0,1.0,1.0,4.0,5.0,3.0
439.0,142db0eb5d2357728a3d9aa9b1e7e8bb,922667687,2.0,,5.0,4.0,1.0,1.0,,3.0,4.0,2.0
442.0,84594421ff0464f4efa01aa91dc6a185,917516882,1.0,,3.0,2.0,162.0,1.0,5.0,4.0,5.0,3.0
450.0,9ffafd13f5cb8f6e2e3d3ce32ccd02c8,667931744,1.0,,4.0,3.0,1.0,1.0,1.0,3.0,5.0,3.0
451.0,c2fd202e1e7a389e93906c4d9b41481c,887788414,2.0,,4.0,3.0,1.0,1.0,5.0,4.0,5.0,3.0
453.0,89c9c7097f66dd6e8cb7ea1f67f1ecf9,919819083,2.0,,4.0,3.0,162.0,1.0,1.0,3.0,4.0,2.0
458.0,09cd6260bb726f1e5b75194525503b47,759461690,2.0,,5.0,4.0,1.0,1.0,1.0,3.0,5.0,3.0
460.0,11c71a8df2be419ec68d5b3ba02cc643,224355217,2.0,,5.0,4.0,1.0,1.0,1.0,3.0,3.0,1.0
461.0,2164a6f3d0c1ca7a7d99ee8d6ba80100,601453100,1.0,,3.0,2.0,1.0,1.0,1.0,4.0,5.0,3.0
462.0,62ef8dbe41cbf3b3da1c61718dd67d43,894918692,2.0,,4.0,3.0,162.0,1.0,5.0,3.0,5.0,3.0
463.0,489982f93bcadc01fcb26c8ef618116a,9368669,2.0,,5.0,4.0,1.0,1.0,1.0,3.0,5.0,3.0
467.0,a320b779944e660a098b04b988b9d1b6,922090105,2.0,,4.0,3.0,1.0,1.0,,3.0,5.0,3.0
472.0,4fb6e9dd4938890cf22966586d65783b,854814717,2.0,,3.0,2.0,162.0,1.0,2.0,2.0,1.0,1.0
478.0,c56efed0263394a55f6ad4155c6a1dbd,515273345,2.0,,4.0,3.0,162.0,1.0,5.0,3.0,5.0,3.0
480.0,6f21b6f9ac708d108acb06917d285d58,924543278,1.0,,3.0,2.0,1.0,1.0,1.0,3.0,4.0,2.0
483.0,c1c3471c020721b29f7094aecb5b6510,193940067,1.0,,3.0,2.0,1.0,1.0,1.0,4.0,3.0,1.0
495.0,55bea7b457d579ed13495478b73b145f,862418047,2.0,,2.0,1.0,1.0,1.0,1.0,3.0,4.0,2.0
496.0,5b76053773ca1394e133301baaa62a05,1682560,2.0,,4.0,3.0,1.0,1.0,1.0,4.0,4.0,2.0
497.0,a672d7be4d49dc1ffe20ecd33b78c56c,30419447,1.0,,4.0,3.0,1.0,1.0,1.0,3.0,5.0,3.0
499.0,187b6c9bd63227e445229d2a15c50087,40674597,2.0,,4.0,3.0,162.0,1.0,,3.0,4.0,2.0
500.0,81e424750d898edb3e1fed392858286e,766912177,2.0,,4.0,3.0,1.0,1.0,5.0,2.0,5.0,3.0
504.0,f921d252ad769bf7deec3abc86254647,868082008,2.0,,4.0,3.0,1.0,1.0,1.0,3.0,5.0,3.0
511.0,3de94a22d2ada0512a1d6f84b8dd0c91,913636013,2.0,,3.0,2.0,1.0,1.0,5.0,4.0,3.0,1.0
512.0,d4e7e7ed8c3d2b1aaddbfe6af468e13f,874075541,2.0,,3.0,2.0,162.0,1.0,5.0,3.0,4.0,2.0
515.0,71b57975d976626faf1638861b71fb67,241983874,2.0,,4.0,3.0,1.0,1.0,,3.0,4.0,2.0
516.0,9f504fccc41762862749f3f54dfa1241,276959045,1.0,,3.0,2.0,1.0,1.0,1.0,3.0,4.0,2.0
518.0,cfcd8b1db36a4e5be8baa364db40ebb3,920780164,2.0,,4.0,3.0,1.0,1.0,5.0,4.0,4.0,2.0
520.0,941a8bf1e0ed804679094088adbdfe4f,553898477,1.0,,3.0,2.0,1.0,1.0,1.0,4.0,4.0,2.0
524.0,a2d2853d0ad04f1aba11a8c465ce37cd,306655616,1.0,,2.0,1.0,1.0,1.0,1.0,3.0,3.0,1.0
525.0,dc4b52c6b1bb41f1f1e49c6fb5e0d675,916738484,2.0,,3.0,2.0,1.0,1.0,5.0,1.0,2.0,1.0
527.0,af45874cb3768a67b59c00cea6681aa7,520031168,2.0,,4.0,3.0,1.0,1.0,1.0,3.0,5.0,3.0
530.0,cb5c481f0a339ce0c15f551b414c52ae,707133892,1.0,,3.0,2.0,1.0,1.0,1.0,4.0,5.0,3.0
531.0,48efdb9548d7c646f9317e7dabc82cae,922928180,1.0,,4.0,3.0,1.0,1.0,5.0,4.0,3.0,1.0
532.0,3280543ebc906b888ad9e4c1a0ff3b34,806666552,2.0,,4.0,3.0,162.0,1.0,104.0,3.0,3.0,1.0
533.0,8a16ce90c8d49a8269ea22d156f64c0a,918737096,1.0,,3.0,2.0,162.0,1.0,1.0,2.0,4.0,2.0
534.0,7000bb038628fdabb495a985a7e4b713,21223234,2.0,,4.0,3.0,162.0,1.0,1.0,3.0,2.0,1.0
539.0,364d624f88a375605ce442d95fa55ff6,860401286,1.0,,3.0,2.0,1.0,1.0,1.0,3.0,4.0,2.0
540.0,1be9f167ee3c72cfbcee9beef2231a3d,20616476,2.0,,3.0,2.0,162.0,1.0,,3.0,4.0,2.0
541.0,00b8e40bb59a3a352e6e695749cb359f,922937964,1.0,,4.0,3.0,1.0,1.0,1.0,2.0,3.0,1.0
542.0,93089576d2327a3fba3bd92a292449b1,916341879,1.0,,5.0,4.0,1.0,1.0,1.0,3.0,3.0,1.0
551.0,777d245cce500ececa17fd6e8481275c,292817495,2.0,,3.0,2.0,162.0,1.0,5.0,3.0,4.0,2.0
553.0,27969aadf496edf73ed98a5ab7455123,172752182,2.0,,4.0,3.0,1.0,1.0,1.0,3.0,4.0,2.0
555.0,4e706d71c9fe9cca0c1f0b465dfc397e,685640367,1.0,,3.0,2.0,1.0,1.0,5.0,4.0,2.0,1.0
557.0,ac41b63d9c9fcbcfb3316d5038274419,709300002,2.0,,4.0,3.0,1.0,1.0,5.0,2.0,4.0,2.0
565.0,941e2269e45b90976c92ab276efd8e22,590845940,1.0,,3.0,2.0,162.0,5.0,1.0,3.0,4.0,2.0
567.0,cadfc15a97c7005e2a06e0cdb037092b,272907980,1.0,,3.0,2.0,1.0,1.0,5.0,4.0,5.0,3.0
568.0,3fb0ff03f7e904ae5d761d7ad5b909d7,824778355,1.0,,4.0,3.0,162.0,1.0,89.0,4.0,4.0,2.0
569.0,21106eec84429d4797cd26b954267479,921891504,2.0,,4.0,3.0,1.0,1.0,1.0,2.0,3.0,1.0
572.0,15eabb09181755ed929cc65912d2cd62,88331135,1.0,,4.0,3.0,1.0,1.0,1.0,4.0,3.0,1.0
575.0,774c34dc7d2c3d0209ce8578793c92ec,917116146,1.0,,3.0,2.0,1.0,1.0,5.0,4.0,5.0,3.0
577.0,d9945ca237f50703b501c311dbdc4537,913558675,1.0,,4.0,3.0,1.0,1.0,,3.0,4.0,2.0
588.0,82cb31d99ba3fe594861cfb4bb50cb74,924049927,2.0,,3.0,2.0,162.0,1.0,5.0,3.0,5.0,3.0
590.0,f4352c975b5bc56da5824f26e22c8926,913393193,1.0,,4.0,3.0,162.0,1.0,1.0,1.0,3.0,1.0
591.0,06abe21b78ae8f510f851769eb32f0da,924946714,1.0,,3.0,2.0,1.0,1.0,1.0,4.0,5.0,3.0
593.0,b0af35ffb66cfe7ed71e583b22e23b51,914243602,2.0,,5.0,4.0,1.0,1.0,1.0,4.0,4.0,2.0
594.0,43fcc9a0c1ee5f484a5e2886bd6cd29c,875969330,2.0,,5.0,4.0,162.0,1.0,5.0,4.0,5.0,3.0
595.0,10404574dee569d1986c53c388b23913,889524807,1.0,,2.0,1.0,162.0,1.0,5.0,3.0,3.0,1.0
604.0,d08a61314ccbbe41e46e4f1339ee9d65,488172404,1.0,,2.0,1.0,1.0,1.0,,3.0,5.0,3.0
613.0,5a44b489de0f4aa82bb5f632b91d34ef,475171914,2.0,,4.0,3.0,1.0,1.0,,4.0,4.0,2.0
615.0,9093ee4977b91554edbc168b48a11ec2,107277964,1.0,,5.0,4.0,1.0,1.0,1.0,3.0,5.0,3.0
618.0,da9f6bde5094cf9911cd066a1b7ae0ed,884238421,2.0,,4.0,3.0,1.0,1.0,1.0,3.0,5.0,3.0
621.0,fb7a6733c0f1eaf7ae81d9df401c5069,923977640,2.0,,4.0,3.0,1.0,1.0,,3.0,3.0,1.0
623.0,82881cdb32a237098f5cbfa41dca9d6e,206210949,2.0,,3.0,2.0,1.0,1.0,1.0,4.0,3.0,1.0
626.0,36500f60c466c5b65e364028f2741bae,924703002,1.0,,3.0,2.0,1.0,1.0,5.0,3.0,5.0,3.0
628.0,33daa2d0083e98b9f15b2ba4ebd7c398,795418672,1.0,,4.0,3.0,1.0,1.0,36.0,4.0,5.0,3.0
632.0,692a26e8f1dd429cd05208361156bbb8,802016028,1.0,,2.0,1.0,1.0,1.0,1.0,4.0,2.0,1.0
633.0,f707461d5132f9e814e572d6d3ede7ba,555735721,2.0,,5.0,4.0,1.0,1.0,5.0,3.0,4.0,2.0
635.0,edc4e4ed1765371fa82cc768cd3da94d,919378284,2.0,,3.0,2.0,162.0,1.0,1.0,4.0,4.0,2.0
636.0,404529daebc48f18f37bbbdc40130dc7,209736426,2.0,,2.0,1.0,162.0,1.0,5.0,2.0,2.0,1.0
642.0,b34a139f2a4cd197a1c026a852c73697,908408065,2.0,,5.0,4.0,1.0,1.0,5.0,4.0,4.0,2.0
644.0,4891023d35c7210cdcfefcde7b91c856,916084626,1.0,,4.0,3.0,1.0,1.0,1.0,4.0,5.0,3.0
648.0,573553902220c3d8133056604b289594,538959178,2.0,,3.0,2.0,1.0,1.0,1.0,4.0,4.0,2.0
649.0,0e4551c9ae318d49148b74ada717fcba,438957521,1.0,,3.0,2.0,1.0,1.0,,4.0,5.0,3.0
652.0,e5a37d63708b2c8f5af013ef4b78a02b,920961036,1.0,,2.0,1.0,1.0,1.0,5.0,3.0,5.0,3.0
655.0,490ab0e020be3d6020d497ebbb46877e,299748081,2.0,,3.0,2.0,1.0,1.0,,3.0,3.0,1.0
661.0,e19ce7eea4ec72fab153894780b3e52a,888353513,1.0,,4.0,3.0,1.0,1.0,1.0,2.0,1.0,1.0
665.0,9b7807db6a27dda1555e72a84d6c5887,582057154,1.0,,3.0,2.0,1.0,1.0,,4.0,5.0,3.0
670.0,dc1dd40b1b4a021d4dc308b96654e37b,880513292,1.0,,3.0,2.0,1.0,1.0,1.0,4.0,5.0,3.0
674.0,3c5938a60a61beae84786b764b46c283,910520329,1.0,,3.0,2.0,1.0,1.0,1.0,2.0,2.0,1.0
676.0,d61bde65a08b4f924e97606eee49a89d,925011319,2.0,,2.0,1.0,1.0,1.0,5.0,2.0,5.0,3.0
682.0,82745b358abf2ae66f3d6f15afb9d4d3,896303624,1.0,,3.0,2.0,162.0,1.0,1.0,3.0,3.0,1.0
688.0,da2e81b44ee941cb668bae1c98270df4,921662828,2.0,,4.0,3.0,1.0,1.0,,2.0,4.0,2.0
689.0,814de31eb9145dbf79f203171a5c298e,922211455,2.0,,3.0,2.0,162.0,1.0,5.0,3.0,5.0,3.0
693.0,7ea7541478a3bea972defb35fe3c0006,838979543,2.0,,2.0,1.0,162.0,5.0,1.0,4.0,3.0,1.0
703.0,7c047c12eae1ff66c25db3a24707b579,921134598,2.0,,4.0,3.0,1.0,1.0,1.0,3.0,5.0,3.0
704.0,458bc2745a138aa1c25e1ed707716ca0,917376406,1.0,,3.0,2.0,1.0,1.0,1.0,2.0,4.0,2.0
705.0,1d7d33648d12b97d9227be1025322a82,922155901,1.0,,2.0,1.0,1.0,1.0,5.0,3.0,4.0,2.0
706.0,a87b2e78a3afb144828f95f07d24e96b,919863598,1.0,,2.0,1.0,1.0,1.0,,1.0,4.0,2.0
712.0,808f87e095ff7ecbd46c1202c735c6d4,896442817,2.0,,3.0,2.0,1.0,1.0,1.0,2.0,1.0,1.0
715.0,f480c86ae52b350ea7b4d248d59b803f,918087660,1.0,,2.0,1.0,162.0,1.0,5.0,2.0,5.0,3.0
722.0,95296c6c37828191c819bcb7d54cf726,537033884,2.0,,4.0,3.0,1.0,1.0,1.0,2.0,4.0,2.0
724.0,4db7d7a2bcd65ab6825e27da991dd2b2,239582392,1.0,,4.0,3.0,1.0,1.0,1.0,2.0,4.0,2.0
726.0,1d90a296e578d220e8abaf12152699a2,912195390,1.0,,2.0,1.0,1.0,1.0,5.0,1.0,1.0,1.0
730.0,64f8a92f39f48866d8681f8bc2cb244d,901755444,1.0,,2.0,1.0,162.0,1.0,1.0,3.0,3.0,1.0
733.0,d543424d04978709cffef6448da1cb86,381461362,1.0,,4.0,3.0,1.0,1.0,1.0,2.0,5.0,3.0
734.0,17fb5ee695b5f424758ce1adb0cd4cf8,700328454,1.0,,4.0,3.0,1.0,1.0,,2.0,1.0,1.0
736.0,7134752c1bd7b554feab9ad376c47510,812321124,2.0,,4.0,3.0,1.0,1.0,89.0,2.0,4.0,2.0
742.0,af3c0b51c0707f345e827fd747242633,925023672,1.0,,3.0,2.0,1.0,1.0,1.0,2.0,5.0,3.0
745.0,d869b03729f7a44320390ec3d2fef08c,834325985,2.0,,4.0,3.0,162.0,1.0,1.0,2.0,5.0,3.0
747.0,8537d39ea962fe41046566a2f53976d7,924991100,2.0,,4.0,3.0,1.0,1.0,5.0,1.0,1.0,1.0
748.0,c5cd2f14510494488ba492d08cb09e5e,793251043,2.0,,4.0,3.0,1.0,1.0,5.0,2.0,4.0,2.0
759.0,f2462eed4e7ba3662f1343e7f2be2208,879190042,2.0,,4.0,3.0,1.0,1.0,1.0,2.0,1.0,1.0
772.0,bff81d30b1f4e87a62735b8f4b182391,911480352,2.0,,4.0,3.0,1.0,1.0,1.0,2.0,3.0,1.0
780.0,c565baa19ac4dbf24fc003e1a55f3d1f,924812937,1.0,,4.0,3.0,1.0,1.0,38.0,3.0,5.0,3.0
787.0,acf6b5c25052c3a3335f2844d39debc0,917689063,2.0,,3.0,2.0,1.0,1.0,1.0,2.0,4.0,2.0
788.0,8219bdc7695d851df1e86414b31f6510,919755768,2.0,,3.0,2.0,1.0,1.0,1.0,2.0,2.0,1.0
792.0,3804934534e966688f3588c0bd6c86f6,891752889,2.0,,4.0,3.0,1.0,1.0,1.0,2.0,4.0,2.0
797.0,09329c19c8ed7a8f580e805180610c56,11364545,2.0,,4.0,3.0,162.0,1.0,,2.0,1.0,1.0
798.0,59d5b39c38543cb7240fa3ec886223d7,915374245,1.0,,2.0,1.0,1.0,1.0,,1.0,3.0,1.0
805.0,54e817a61f1fb50a471a67d3511436bb,106243753,2.0,,3.0,2.0,1.0,1.0,5.0,3.0,3.0,1.0
811.0,a11b152038756a880fddae6decda0402,919626232,2.0,,3.0,2.0,1.0,1.0,1.0,2.0,3.0,1.0
814.0,1ea4535e897f0832c0538c9141fb8f27,909507581,1.0,,4.0,3.0,162.0,1.0,1.0,3.0,4.0,2.0
816.0,8fc1e1f13c127c6374788ef0dd13d9a9,922530225,2.0,,3.0,2.0,1.0,1.0,5.0,2.0,4.0,2.0
817.0,c572a38170339d0c2e4c30dc73172212,922575668,1.0,,3.0,2.0,1.0,5.0,1.0,3.0,4.0,2.0
823.0,893197a6d7784bfab545a8e80d398ffe,925036928,2.0,,4.0,3.0,1.0,1.0,1.0,2.0,5.0,3.0
824.0,be7a0b9cbf8775906a9bc103256436f8,835445972,1.0,,3.0,2.0,162.0,1.0,1.0,3.0,4.0,2.0
826.0,8439d13b08da7c09f5d62740ab9ecaf1,482228553,1.0,,4.0,3.0,162.0,104.0,1.0,2.0,3.0,1.0
833.0,902fd385a711ab5e78d9955f9527fb59,166203081,2.0,,4.0,3.0,1.0,1.0,1.0,2.0,5.0,3.0
835.0,7af170e203b52aa3d503492615568d7f,311015374,1.0,,4.0,3.0,1.0,1.0,1.0,2.0,4.0,2.0
841.0,94083ce30a3420d461a257c72937ff1f,163181025,2.0,,4.0,3.0,1.0,1.0,1.0,2.0,3.0,1.0
843.0,3da950d54fc69c9392b1bb4bac624fcb,847010490,2.0,,2.0,1.0,1.0,1.0,1.0,2.0,2.0,1.0
847.0,f039677bd64ffee1004594f4b85d4d31,916728103,1.0,,3.0,2.0,162.0,1.0,1.0,3.0,4.0,2.0
854.0,c9c689b9bb77070656d4743fb5b3b775,867262224,1.0,,4.0,3.0,162.0,1.0,1.0,2.0,5.0,3.0
861.0,6ea548e7de673352906474973a2081e5,751117172,1.0,,4.0,3.0,1.0,1.0,1.0,2.0,3.0,1.0
863.0,c3780336e5c24d7cc7ed13ff211185cf,890114211,1.0,,3.0,2.0,1.0,1.0,1.0,2.0,1.0,1.0
868.0,d635726cd5b66fe7f44a93ade80d611e,741219217,1.0,,2.0,1.0,162.0,1.0,5.0,3.0,4.0,2.0
871.0,dd6e9bdc12e7b2a66ab1ee15960240be,925017153,2.0,,2.0,1.0,162.0,1.0,5.0,2.0,2.0,1.0
878.0,bfab363d4ccc207882936ba30ab86b50,924854601,2.0,,2.0,1.0,162.0,1.0,104.0,2.0,2.0,1.0
894.0,fd91ebf6ae02f454ef312c7ad6d90611,895017338,2.0,,2.0,1.0,162.0,1.0,5.0,3.0,3.0,1.0
903.0,24cd9b7a5cac3cf10871dab36b9f0303,921687051,1.0,,3.0,2.0,1.0,1.0,5.0,1.0,5.0,3.0
915.0,be7cdb9e15381c0f86045c81f231dd64,717160499,2.0,,4.0,3.0,1.0,1.0,1.0,2.0,4.0,2.0
917.0,b50da59565d582aae6c642b3bf74b02f,128141651,2.0,,4.0,3.0,162.0,1.0,1.0,2.0,5.0,3.0
919.0,23b87abb238aa95e23d66ba0185fc720,912030008,1.0,,3.0,2.0,1.0,1.0,1.0,2.0,5.0,3.0
921.0,1f35d0804240935575f317594575dcf4,896907617,1.0,,2.0,1.0,162.0,1.0,5.0,1.0,3.0,1.0
923.0,cb2de7c66f345215423d1b46035e7112,905693428,1.0,,3.0,2.0,1.0,1.0,1.0,2.0,3.0,1.0
924.0,232638e469082c814b5d97f344957861,125371405,2.0,,4.0,3.0,1.0,1.0,1.0,2.0,5.0,3.0
933.0,9467e801c16bf43e031d4743e6fc8ba8,604074088,2.0,,2.0,1.0,1.0,1.0,1.0,2.0,1.0,1.0
934.0,d25baf4ae5a53bcd232e502b38099fa7,916980283,1.0,,3.0,2.0,162.0,1.0,5.0,2.0,4.0,2.0
935.0,9c3a2c09461016e89e54fddc55c492ad,130893017,2.0,,4.0,3.0,1.0,1.0,1.0,2.0,4.0,2.0
942.0,9a9e264e66bcb19eab4cd57198c11950,899282488,2.0,,4.0,3.0,1.0,1.0,5.0,2.0,3.0,1.0
943.0,7c0aabd6156b5bbeda98481afdba4f5b,925124528,2.0,,2.0,1.0,1.0,1.0,1.0,1.0,1.0,1.0
949.0,0ba3ed68a3215c548799d192821c1ff5,827756976,1.0,,2.0,1.0,162.0,1.0,5.0,1.0,3.0,1.0
951.0,e00262fa61506901e4f9632365597453,895547396,1.0,,4.0,3.0,1.0,1.0,1.0,3.0,4.0,2.0
952.0,8225a5bb1ffa03160882eaf35da2a7f5,896879006,1.0,,2.0,1.0,162.0,1.0,1.0,1.0,5.0,3.0
955.0,8f5350d6a472c4f3b63675fc11201401,864193432,2.0,,3.0,2.0,1.0,1.0,1.0,3.0,3.0,1.0
956.0,10e5aa84fd7e9b1d052d5d11233f60e1,520271238,1.0,,4.0,3.0,162.0,1.0,1.0,2.0,3.0,1.0
959.0,cf4930f1b7a299c14c02367fd3b75952,712328316,1.0,,3.0,2.0,1.0,1.0,1.0,1.0,1.0,1.0
965.0,91a8fb77267ffe41d139083fab1acae0,918094125,1.0,,4.0,3.0,162.0,1.0,1.0,2.0,2.0,1.0
966.0,7aa19953570ab8ab54ecbbb53c33ecc8,922174076,2.0,,4.0,3.0,1.0,1.0,1.0,2.0,2.0,1.0
968.0,8314bb0f58a3e8886ff6bcbc31679e67,894720012,1.0,,2.0,1.0,1.0,1.0,5.0,3.0,3.0,1.0
969.0,3b4025f535d91b62e69ba9d9820b0e89,830721294,1.0,,3.0,2.0,162.0,1.0,1.0,2.0,4.0,2.0
975.0,883625bb69c076f53dccaa7ae20241f2,467256428,1.0,,3.0,2.0,1.0,1.0,1.0,2.0,3.0,1.0
981.0,8e00993f74ae16ceb3e22916f3857c43,924832021,1.0,,2.0,1.0,1.0,1.0,5.0,2.0,1.0,1.0
985.0,e5ebcd461f9eae84fa82f92ed6bbad5e,870494840,1.0,,4.0,3.0,1.0,1.0,5.0,2.0,4.0,2.0
988.0,59d5ee0eef418cbcc2d389738cb3bd72,690153973,1.0,,3.0,2.0,1.0,1.0,5.0,1.0,3.0,1.0
989.0,31241a6e7cf26b7181bde701d627c6f9,904172238,2.0,,3.0,2.0,1.0,1.0,1.0,2.0,1.0,1.0
990.0,0cba8a88ee13127812d066a379b79ec2,893853752,1.0,,3.0,2.0,1.0,1.0,5.0,2.0,5.0,3.0
991.0,fddfad3520c1773a12b1c17a1b37cae8,922126666,1.0,,2.0,1.0,162.0,1.0,1.0,2.0,2.0,1.0
996.0,59ee64e2621331dd0e4324dbe04bbec3,921264618,1.0,,4.0,3.0,1.0,1.0,1.0,2.0,5.0,3.0
998.0,79282fcf37b46c4ff17fc9839e435d5c,923640911,1.0,,2.0,1.0,1.0,1.0,1.0,2.0,5.0,3.0
1003.0,8d8ccb907416471a979ea02f392f956f,484712401,1.0,,3.0,2.0,1.0,1.0,1.0,2.0,5.0,3.0
1005.0,f1148750e759dd51b2bf7e030ea754a6,754090208,2.0,,3.0,2.0,1.0,1.0,5.0,2.0,3.0,1.0
1010.0,327352860fb373414ebb61c233ed86a2,899493094,1.0,,2.0,1.0,1.0,1.0,,1.0,3.0,1.0
1017.0,4f2dc1e317ee56529c2d50706067c671,923717912,2.0,,3.0,2.0,162.0,1.0,5.0,2.0,3.0,1.0
1018.0,513b5a71ef4238e1244c82a3a4957b62,905731155,1.0,,2.0,1.0,1.0,1.0,,1.0,5.0,3.0
1020.0,805e6c12ac74b4a33d0fefc6d6d7d69b,781110580,2.0,,4.0,3.0,1.0,1.0,1.0,2.0,3.0,1.0
1022.0,c8dfabdc6a78edbf9c32bcd3200dde14,919720095,2.0,,2.0,1.0,1.0,1.0,1.0,2.0,4.0,2.0
1024.0,68cd3644bc585fe97fe32fd79f1770fd,434557749,1.0,,4.0,3.0,1.0,1.0,89.0,2.0,5.0,3.0
1029.0,46c8b9b85fed7b905349af480cf6920b,925168246,1.0,,3.0,2.0,1.0,1.0,5.0,1.0,4.0,2.0
1030.0,bba1db0db1815469badb87ba57e1059a,898194798,1.0,,3.0,2.0,1.0,1.0,,2.0,5.0,3.0
1035.0,9f918cb9b97f552b84a2ced237e861f2,876389058,1.0,,3.0,2.0,1.0,1.0,1.0,1.0,1.0,1.0
1037.0,248b8445cca3a476ad399197b690de49,909518294,1.0,,2.0,1.0,1.0,1.0,,2.0,1.0,1.0
1038.0,83a0f4e1b69d2925dcb086f7818e36c2,886646899,1.0,,4.0,3.0,162.0,1.0,1.0,2.0,3.0,1.0
1047.0,4508b5131024ca1b3705e2cb5d3e60a6,924732165,2.0,,2.0,1.0,162.0,1.0,1.0,2.0,4.0,2.0
1061.0,e489561b8ab7be3916139944b6b4be96,857038692,2.0,,5.0,4.0,1.0,1.0,1.0,2.0,3.0,1.0
1062.0,c901b9243083c153f3970b7c2bd0a707,925371429,1.0,,3.0,2.0,1.0,1.0,,2.0,3.0,1.0
1063.0,2e66c398dceed5deb4818d33df16e78a,925372368,2.0,,2.0,1.0,162.0,1.0,5.0,1.0,1.0,1.0
1066.0,e49b6d344d5a965fdc5cb182c79d615d,874015530,1.0,,3.0,2.0,1.0,1.0,1.0,3.0,4.0,2.0
1068.0,919dff6632d0da293a0f8c251718aef6,96016101,1.0,,4.0,3.0,1.0,1.0,1.0,2.0,3.0,1.0
1070.0,7272b640064b0bbdb67eaf237942cb0f,881919948,1.0,,4.0,3.0,1.0,1.0,1.0,2.0,4.0,2.0
1075.0,2297a2f2fe3b249bc0249091406dd7a6,870391233,1.0,,2.0,1.0,1.0,1.0,5.0,2.0,3.0,1.0
1077.0,9fedbbd9a0f47c653c7de06f68a6f9b2,843189338,2.0,,2.0,1.0,1.0,1.0,,1.0,3.0,1.0
1084.0,123df27f57dccd0ed2869ccd8a680d42,918610621,2.0,,3.0,2.0,1.0,1.0,1.0,1.0,3.0,1.0
1087.0,940ac91c6e8d197dc434515caa4fe229,817679654,1.0,,2.0,1.0,1.0,1.0,5.0,3.0,3.0,1.0
1088.0,dd946e671f55ce9a3e66a1266b092b0b,923169120,1.0,,2.0,1.0,1.0,1.0,1.0,2.0,3.0,1.0
1094.0,f2e35ea71845b290140e19321da971d4,925128173,1.0,,3.0,2.0,1.0,1.0,1.0,2.0,5.0,3.0
1099.0,e18301b323fd38a2dbb7276c6e30f164,877973037,1.0,,2.0,1.0,1.0,1.0,5.0,1.0,2.0,1.0
1109.0,78b4cf97d20ae4b6e965c4b4ef2b099f,208947407,1.0,,3.0,2.0,162.0,1.0,1.0,2.0,5.0,3.0
1121.0,d29e2a91e0a1519217eb198f434546a9,920907569,1.0,,2.0,1.0,1.0,1.0,5.0,2.0,1.0,1.0
1130.0,90b54c109836aec3613a89795dcaefde,919236335,2.0,,3.0,2.0,1.0,1.0,,2.0,3.0,1.0
1134.0,bfcd053a81ffd574f2d525c4f94f9d2c,912431167,1.0,,2.0,1.0,1.0,1.0,5.0,3.0,3.0,1.0
1150.0,5c8d8691ea8f1c358e926a71dea0a21f,908406675,1.0,,2.0,1.0,1.0,1.0,5.0,2.0,2.0,1.0
1152.0,1163fe68f6b3ce6e302236f68d816c23,925571383,2.0,,2.0,1.0,1.0,1.0,1.0,1.0,2.0,1.0
1154.0,c03160b6303ed4453e00b8fd8d7a03d5,785832649,1.0,,3.0,2.0,1.0,1.0,1.0,2.0,3.0,1.0
1158.0,11e0ebc1e3d3e49498a62d7787c664ee,925578429,2.0,,2.0,1.0,162.0,1.0,1.0,2.0,1.0,1.0
1160.0,cfab026d0b4f326e3b1e53bfaefd6825,920382712,2.0,,2.0,1.0,1.0,1.0,5.0,3.0,5.0,3.0
1161.0,59874e9a5b937ce763199b82f082e78b,925586433,1.0,,2.0,1.0,1.0,1.0,1.0,2.0,2.0,1.0
1168.0,aa5bb86e5a255c522156f108acd419df,922808068,1.0,,2.0,1.0,162.0,1.0,1.0,1.0,2.0,1.0
1171.0,652f34f0a51c76171143f963ea19cbac,925640810,2.0,,2.0,1.0,1.0,1.0,5.0,1.0,3.0,1.0
1174.0,bf5c25a3a4b68c3d9d0a86c9c707044f,924270737,2.0,,3.0,2.0,1.0,1.0,5.0,2.0,2.0,1.0
1176.0,4383c0f557c2844c120adb79321a54d6,605956966,2.0,,3.0,2.0,1.0,1.0,1.0,2.0,4.0,2.0
1192.0,99144e17202c8ca86f33fe6894231340,801190563,1.0,,2.0,1.0,1.0,1.0,1.0,1.0,4.0,2.0
1218.0,041bdf1681a0dc33dbda75e25cd6febd,245775570,1.0,,2.0,1.0,1.0,1.0,,4.0,3.0,1.0
1234.0,46ef157ef1624cdaa9202f3985ac5fa0,925144115,2.0,,2.0,1.0,1.0,1.0,,3.0,1.0,1.0
1248.0,8d355e816c07efe84dfedd8bd58f28cb,452857698,2.0,,3.0,2.0,1.0,1.0,5.0,4.0,5.0,3.0
1267.0,54e56e9e33d617dfd79a198f6ed6c6d5,770411954,2.0,,2.0,1.0,162.0,1.0,5.0,2.0,4.0,2.0
1275.0,e28970663fee15781dbb526e5fff90c7,901042981,2.0,,3.0,2.0,162.0,1.0,5.0,4.0,4.0,2.0
1278.0,78b392df760dc08bddb612f22d1f3e9c,925478109,2.0,,5.0,4.0,1.0,1.0,1.0,3.0,4.0,2.0
1285.0,7e59a4cbaffb915366cac4f265262fa6,204421089,1.0,,5.0,4.0,1.0,1.0,1.0,3.0,5.0,3.0
1303.0,8142960e38cc574ade3a2435935ba64b,925006499,2.0,,4.0,3.0,1.0,1.0,1.0,4.0,1.0,1.0
1309.0,ab58dcafd7a10615302baa13dcd6755e,925776465,1.0,,2.0,1.0,1.0,1.0,5.0,4.0,3.0,1.0
1311.0,f3b887479ca6d25c86e0ed37e995def3,446701116,1.0,,2.0,1.0,1.0,1.0,5.0,3.0,3.0,1.0
1319.0,9286e28260f555e9434a5d755c331a29,917058497,2.0,,2.0,1.0,1.0,1.0,1.0,3.0,5.0,3.0
1321.0,0c79c5d3528523469721a043414e5050,107768381,2.0,,5.0,4.0,162.0,1.0,5.0,4.0,3.0,1.0
1329.0,af9888c7ff1f2845ba58071ef7f41500,619634029,2.0,,5.0,4.0,1.0,1.0,1.0,3.0,3.0,1.0
1333.0,0f40093282d5fe721807b8d4745760cc,343803766,1.0,,5.0,4.0,1.0,1.0,,3.0,3.0,1.0
1335.0,cd9795fdf70a795a640e01154be0ceae,882770765,1.0,,2.0,1.0,1.0,1.0,1.0,4.0,4.0,2.0
1337.0,77a6426b4430c28a61b5254b3bec7a84,917537598,2.0,,3.0,2.0,1.0,1.0,1.0,3.0,1.0,1.0
1338.0,6583c0dc87cbf9f6af629372aa174db1,924725213,1.0,,2.0,1.0,1.0,1.0,5.0,1.0,4.0,2.0
1346.0,80f770041f082c41be10cc9b48de9fde,191429989,2.0,,3.0,2.0,1.0,141.0,1.0,4.0,5.0,3.0
1356.0,63469c2890af2f69dc5a674f9e4dcfb2,883794350,1.0,,5.0,4.0,162.0,1.0,5.0,4.0,4.0,2.0
1373.0,071dd1412909e6d4c43bb12849c33cc6,40306764,2.0,,5.0,4.0,1.0,1.0,5.0,3.0,4.0,2.0
1374.0,3a1dc97aef84d88671105a73a0c3a201,920209607,2.0,,2.0,1.0,162.0,1.0,5.0,2.0,2.0,1.0
1376.0,d9a1e3947239739ff09d4000ce1a06de,888919407,1.0,,2.0,1.0,1.0,1.0,104.0,1.0,4.0,2.0
1379.0,d5e96e037cbab8aadc35b64baa8e367c,35861436,1.0,,5.0,4.0,162.0,1.0,1.0,3.0,3.0,1.0
1388.0,29f166b7ae782fe0335c730acb79144e,925074145,2.0,,3.0,2.0,162.0,1.0,1.0,3.0,5.0,3.0
1392.0,e5741148705dbed990bf4c2c991876d9,925819082,1.0,,2.0,1.0,1.0,1.0,89.0,3.0,4.0,2.0
1397.0,2658cee66331d78f22dce58f3bdfe6bf,894137893,1.0,,2.0,1.0,1.0,1.0,5.0,3.0,4.0,2.0
1419.0,3d6f808e93dbfddd03927f91c22302d9,901238395,3.0,niebinarny,2.0,1.0,1.0,1.0,5.0,3.0,1.0,1.0
1421.0,f4a42e4b43797db9a284e4d93721b540,84619915,1.0,,5.0,4.0,162.0,1.0,1.0,4.0,5.0,3.0
1423.0,67e1696277c4aba6c2b23b31d700235c,832264224,2.0,,2.0,1.0,1.0,1.0,1.0,3.0,3.0,1.0
1432.0,0de93e938772519f47dcb33d01244a6b,925496496,2.0,,3.0,2.0,162.0,1.0,1.0,3.0,4.0,2.0
1439.0,66af69de570824108d1f081560522506,34538495,2.0,,3.0,2.0,1.0,1.0,1.0,4.0,4.0,2.0
1449.0,d8db8a926bd253520227f6972829ed35,104060263,1.0,,5.0,4.0,1.0,1.0,1.0,4.0,4.0,2.0
1455.0,07e676694ea0ae67de7af5f96059ccb0,614223286,2.0,,4.0,3.0,1.0,1.0,5.0,4.0,4.0,2.0
1459.0,e50d3393595f82d9b36dfd859e4e85fa,925063216,2.0,,2.0,1.0,1.0,1.0,5.0,3.0,3.0,1.0
1474.0,3ca8bd14a18c63747ba314e087e4ecff,918013627,2.0,,2.0,1.0,1.0,1.0,1.0,3.0,4.0,2.0
1476.0,74326e5e1a31fa4898cf90313225b22a,827018270,2.0,,3.0,2.0,1.0,1.0,1.0,4.0,5.0,3.0
1478.0,ea93cd568e38895490b0825052e0babe,556716731,1.0,,5.0,4.0,162.0,1.0,1.0,3.0,3.0,1.0
1479.0,5e15ed572c2c9f586600cdebdfd2b999,866771453,2.0,,3.0,2.0,1.0,1.0,1.0,3.0,5.0,3.0
1484.0,65bded8667509e10b6ec402b543e21b5,925841594,2.0,,3.0,2.0,1.0,1.0,5.0,2.0,3.0,1.0
1489.0,55da79ca47380c89f10777af2762719a,903582688,2.0,,3.0,2.0,162.0,1.0,,1.0,1.0,1.0
1492.0,607b3b8e719cc470689bef8ce476eb2d,750887561,2.0,,3.0,2.0,1.0,1.0,5.0,4.0,5.0,3.0
1494.0,5de6af95ad603e55f64e1e08fcfbceb1,903286783,2.0,,3.0,2.0,1.0,1.0,1.0,3.0,4.0,2.0
1495.0,cb08775d2409c62ebc9af5a69d138540,898754851,2.0,,5.0,4.0,1.0,1.0,,4.0,5.0,3.0
1500.0,2048cf325bd37565d95a7e9286c7e995,766173837,2.0,,4.0,3.0,1.0,117.0,1.0,3.0,4.0,2.0
1503.0,35e87bffa74782e2a97dfe82ea766fdc,547720465,2.0,,4.0,3.0,1.0,1.0,5.0,3.0,4.0,2.0
1510.0,4a9f48108f437b3a7e9f2a72404f8eed,924998675,2.0,,2.0,1.0,1.0,1.0,5.0,3.0,3.0,1.0
1512.0,e76d8414eb8835d0b0004cbade061cfa,18665775,2.0,,5.0,4.0,1.0,1.0,5.0,4.0,5.0,3.0
1516.0,afbcb4c9b5e5ebe81ad6b137573233bb,96513730,1.0,,4.0,3.0,1.0,1.0,1.0,3.0,4.0,2.0
1520.0,aaa8c43a22c436b9f945ad6866029ce9,923242572,1.0,,3.0,2.0,162.0,1.0,1.0,3.0,3.0,1.0
1525.0,8520f6272c5a1396ad5b63c56df126fa,128889542,2.0,,4.0,3.0,162.0,1.0,1.0,4.0,5.0,3.0
1526.0,168c271a70fcf9921b383b8359dbb634,918460261,1.0,,4.0,3.0,1.0,1.0,1.0,3.0,4.0,2.0
1528.0,cc54f494057b589c2b3ca51733fd45e5,19097010,2.0,,4.0,3.0,162.0,1.0,1.0,3.0,4.0,2.0
1529.0,4cadca00aed5d08f825df4589f3d7c40,1692063,2.0,,4.0,3.0,1.0,1.0,1.0,4.0,3.0,1.0
1531.0,eb5f04956c8bae4521c81f60c73de9b3,667315563,2.0,,4.0,3.0,1.0,1.0,1.0,2.0,2.0,1.0
1536.0,dc43dd0639b20ad12cc85685c0a0536e,914915826,1.0,,3.0,2.0,162.0,1.0,1.0,3.0,5.0,3.0
1538.0,72c88c7d140542f99c7b884ae08139b2,802748227,1.0,,3.0,2.0,162.0,1.0,1.0,3.0,3.0,1.0
1539.0,d83bc78827b0143ac8e85f6535a8fd73,691107692,2.0,,5.0,4.0,162.0,1.0,1.0,4.0,4.0,2.0
1543.0,1fa2e9184ef443aacae8766327d76266,376385036,2.0,,4.0,3.0,162.0,1.0,1.0,3.0,3.0,1.0
1548.0,f469fb37f9888fcf7d8aef978afcaad8,908569981,2.0,,3.0,2.0,1.0,1.0,1.0,3.0,2.0,1.0
1557.0,e27b42d9b88a61df6d054fdf23982d47,233491224,1.0,,4.0,3.0,1.0,1.0,89.0,3.0,5.0,3.0
1561.0,fe6229c4a8ad547e2a2e2689174f4a56,896140541,1.0,,3.0,2.0,1.0,1.0,,4.0,4.0,2.0
1562.0,85ab9f5894bfe85b9c624c979f98136a,236772013,2.0,,2.0,1.0,162.0,1.0,5.0,3.0,4.0,2.0
1563.0,d6e6d38c466e1146d930c0c24e616ce5,124383847,1.0,,3.0,2.0,1.0,5.0,1.0,4.0,5.0,3.0
1566.0,fea34a21121cf9654a16036a6e434971,761648956,1.0,,5.0,4.0,1.0,1.0,1.0,3.0,4.0,2.0
1569.0,556c4b1709e88a605b56202656f30290,925838038,2.0,,2.0,1.0,1.0,1.0,1.0,1.0,1.0,1.0
1576.0,5c3e964b8404b59d99b4c4f32de9452d,902265227,1.0,,2.0,1.0,1.0,1.0,1.0,3.0,3.0,1.0
1582.0,b7f4a8a5543a08588f7be6c71d4183a0,578367741,1.0,,3.0,2.0,162.0,1.0,1.0,3.0,4.0,2.0
1589.0,1fa83b8dc115b28da03d82c44c2e0787,41965698,2.0,,5.0,4.0,1.0,1.0,1.0,4.0,3.0,1.0
1592.0,cee80f8494f5d65754c061cdd434dea3,916153353,1.0,,4.0,3.0,1.0,1.0,5.0,4.0,5.0,3.0
1600.0,3503e429801e1ad5207bd6271b95cf0b,913120644,1.0,,4.0,3.0,1.0,1.0,,4.0,4.0,2.0
1601.0,86cee6d65257390f190606f662bae352,921814640,2.0,,3.0,2.0,1.0,1.0,1.0,2.0,1.0,1.0
1604.0,c645e95547b395633803d9ea54ce1bb8,734531555,1.0,,4.0,3.0,1.0,1.0,,3.0,5.0,3.0
1615.0,40c4aae762fe249ac19fc14f8e9bdff5,304851204,1.0,,5.0,4.0,162.0,1.0,89.0,4.0,4.0,2.0
1617.0,cd73b2c7b530e5abbaba0e458fb4a081,674088554,1.0,,4.0,3.0,1.0,1.0,1.0,3.0,5.0,3.0
1619.0,d5dc69c790d68d680e0eea6e8b6f6029,39890260,2.0,,5.0,4.0,162.0,1.0,,3.0,1.0,1.0
1621.0,2b78ec7d842b4009eedb43885fa2d058,846563072,2.0,,3.0,2.0,162.0,5.0,1.0,4.0,3.0,1.0
1630.0,91ddc22d7ebdfb89df1978ca103bb8d3,891261618,2.0,,2.0,1.0,162.0,1.0,89.0,3.0,4.0,2.0
1631.0,bad6c6b283e1f49267550e0b78406fd3,213140808,2.0,,2.0,1.0,1.0,1.0,,3.0,2.0,1.0
1639.0,cdd836f77eae40e6a52777e4c687954d,913616031,1.0,,3.0,2.0,1.0,1.0,1.0,3.0,5.0,3.0
1642.0,e6a62b753ff50317e92272ae7c5d2841,240049072,2.0,,2.0,1.0,1.0,1.0,,4.0,2.0,1.0
1645.0,4b751e34b8858b444e5a3c9646e856dd,828064235,2.0,,5.0,4.0,1.0,1.0,,4.0,5.0,3.0
1648.0,3adc4edff98011c33083274f873dddaf,522292380,2.0,,3.0,2.0,1.0,1.0,89.0,3.0,3.0,1.0
1649.0,25adc4f4e97241b139a5a2f613b465be,161066862,2.0,,4.0,3.0,1.0,1.0,5.0,4.0,2.0,1.0
1651.0,d4b51c737ba9de64f1120bc876f36d26,101967721,1.0,,5.0,4.0,1.0,1.0,,4.0,5.0,3.0
1654.0,5ade086cbaa2bc3609cf084fc4ffcfe4,912678919,2.0,,3.0,2.0,162.0,1.0,5.0,4.0,1.0,1.0
1655.0,c3c4619541a31f60b76a7d8d8bbb90c1,66131304,1.0,,4.0,3.0,1.0,1.0,5.0,4.0,5.0,3.0
1657.0,c6b220dc7ec93110336bd7759c37f9f8,836878290,1.0,,3.0,2.0,1.0,1.0,,4.0,3.0,1.0
1662.0,5ceed85bd3f6db67fbfb069dec7aa201,897301994,2.0,,4.0,3.0,1.0,1.0,5.0,4.0,3.0,1.0
1672.0,019da8f087aa6e67a4f031d2644a3ade,1709851,2.0,,5.0,4.0,1.0,1.0,1.0,4.0,3.0,1.0
1674.0,c0a5ea381b133e144bf1dc1b5d4d5acc,349756355,2.0,,3.0,2.0,162.0,1.0,,4.0,2.0,1.0
1677.0,71bcf605af545a1e362007d614025a1f,662554616,1.0,,2.0,1.0,1.0,1.0,5.0,3.0,4.0,2.0
1683.0,2dbd4f8f9758d6c0943ea4232bcd0251,650588263,2.0,,3.0,2.0,1.0,1.0,5.0,4.0,4.0,2.0
1687.0,0b2c9bb3d7a4d0bf747737b05acacf25,769436897,2.0,,5.0,4.0,162.0,1.0,1.0,4.0,5.0,3.0
1691.0,53dc6581ba207aba6fe2b31f091e792e,877861334,2.0,,4.0,3.0,162.0,1.0,1.0,2.0,3.0,1.0
1693.0,223f2d01dab5abd860331bc003378f78,523509956,1.0,,2.0,1.0,1.0,1.0,1.0,3.0,4.0,2.0
1696.0,c1b1186f78c202dcfc1c97be83588d4b,881996700,2.0,,3.0,2.0,162.0,1.0,,4.0,2.0,1.0
1698.0,ec4741752207ecdadbaec9bb87132c90,881548487,2.0,,5.0,4.0,162.0,1.0,104.0,4.0,4.0,2.0
1699.0,6c0de72062f360818c667ecdca123907,925579491,1.0,,2.0,1.0,1.0,1.0,5.0,4.0,5.0,3.0
1702.0,3b32bdae42db75f5ee3122975fdd2848,872441086,2.0,,3.0,2.0,1.0,1.0,5.0,4.0,3.0,1.0
1703.0,a4fe1981e5b588d6ff0bdd7855e0d0af,809796768,1.0,,3.0,2.0,162.0,1.0,1.0,3.0,3.0,1.0
1707.0,b0183fc843d3017b99f895c3ab5ce81e,921535264,1.0,,4.0,3.0,1.0,1.0,1.0,4.0,5.0,3.0
1712.0,532d458442914f7e0e06fe03761e58d2,136561061,1.0,,5.0,4.0,1.0,1.0,1.0,3.0,3.0,1.0
1713.0,cf1ba0898993c798456281effdbd1ceb,127844662,1.0,,3.0,2.0,1.0,1.0,,4.0,5.0,3.0
1715.0,848bdb38aeb5d4cd4a866785eb2bc16a,39768741,1.0,,5.0,4.0,1.0,1.0,,3.0,4.0,2.0
1719.0,e54677f270f917303ca55e38cd8aac96,4652841,2.0,,5.0,4.0,1.0,1.0,,3.0,3.0,1.0
1729.0,67c3430b35934c94e72043224ca3e72c,854349290,1.0,,2.0,1.0,162.0,1.0,1.0,1.0,3.0,1.0
1738.0,6254ba5547820d37788938cf7e7cb260,906888026,1.0,,4.0,3.0,1.0,1.0,1.0,3.0,1.0,1.0
1740.0,8ef58798be1332735652e386c33950e5,869831123,1.0,,2.0,1.0,1.0,1.0,1.0,3.0,4.0,2.0
1746.0,49adb0b85488afb477e4b66fe5d648bf,378664021,1.0,,4.0,3.0,1.0,1.0,,3.0,5.0,3.0
1752.0,6d746c4399059948dfd5b1bf3ccdcbae,677700663,1.0,,5.0,4.0,1.0,1.0,1.0,3.0,5.0,3.0
1761.0,707700fb45161ce776b226562fab1d74,857032459,1.0,,2.0,1.0,1.0,1.0,5.0,1.0,4.0,2.0
1764.0,818ab21229ad2f96dd36259e7debd9f5,531371523,1.0,,5.0,4.0,1.0,1.0,1.0,3.0,4.0,2.0
1770.0,43c02c808e868bdfd2518d947bbf2fff,869511901,2.0,,3.0,2.0,1.0,1.0,5.0,4.0,5.0,3.0
1784.0,349952983df4ebb5460a0312c89a9f5e,19725538,2.0,,5.0,4.0,162.0,1.0,1.0,4.0,5.0,3.0
1786.0,91fbc167e7fa7955a2d87197e257e2d1,925878884,2.0,,3.0,2.0,1.0,1.0,5.0,4.0,3.0,1.0
1794.0,da395f0a31f817f360be76a5a73a6c5e,130017922,2.0,,3.0,2.0,1.0,1.0,,4.0,4.0,2.0
1801.0,1b39a3b5aba31e8c1723dfce42ab9780,310598943,2.0,,3.0,2.0,162.0,1.0,,4.0,3.0,1.0
1806.0,be2718f8662e4d629e18d1e6c4a93d3f,916825462,1.0,,5.0,4.0,162.0,1.0,1.0,4.0,5.0,3.0
1807.0,27233cdaf900f3c7d071e4988843397c,886511099,1.0,,5.0,4.0,1.0,1.0,5.0,4.0,4.0,2.0
1810.0,9ba8629697e6bf908905347e22fd80d2,87868077,1.0,,5.0,4.0,162.0,1.0,1.0,3.0,5.0,3.0
1814.0,325f3a3cbfdcc497948e7b8fe135b2fa,38267474,1.0,,5.0,4.0,1.0,1.0,1.0,3.0,5.0,3.0
1819.0,b9b7f7a2ba56fd28dff0124a6449c7c3,1707908,2.0,,5.0,4.0,1.0,1.0,1.0,3.0,4.0,2.0
1820.0,a7ef2f6c3ace88dea450904eb6a00def,22292221,2.0,,5.0,4.0,162.0,1.0,,3.0,2.0,1.0
1821.0,6ed187028f5b5ef1258a6396bdc43556,250744222,2.0,,3.0,2.0,1.0,1.0,5.0,4.0,3.0,1.0
1825.0,d14f0407b6dc0df83b573068a81d4678,39906263,2.0,,3.0,2.0,1.0,1.0,5.0,4.0,4.0,2.0
1840.0,49d96c978ac0d1d049cf9ef222f659d4,666340812,2.0,,2.0,1.0,1.0,1.0,,4.0,5.0,3.0
1845.0,4de77a87a7eeffbbd2ba6a8a39d4d214,919924304,2.0,,3.0,2.0,162.0,1.0,,3.0,4.0,2.0
1859.0,f7dd3a66d3c7941ee70edc7f2905a6ee,319796155,2.0,,3.0,2.0,1.0,1.0,5.0,4.0,4.0,2.0
1876.0,0cfcc07b7bc8bf3f6b83dc6a17f9e9e1,925881782,2.0,,3.0,2.0,162.0,1.0,1.0,4.0,3.0,1.0
1877.0,31a5baa675f48b51105bf22b2b4c4f06,129781460,2.0,,3.0,2.0,1.0,1.0,,4.0,1.0,1.0
1888.0,9c771d876c3c463873caa4f325f18fcf,757135820,1.0,,5.0,4.0,1.0,1.0,89.0,3.0,4.0,2.0
1889.0,992e25705a4e3c474a8f0ff0f180e550,219026310,2.0,,3.0,2.0,162.0,1.0,,4.0,5.0,3.0
1902.0,0d1cd41b262d808c975bc5a404145c2d,922503373,1.0,,2.0,1.0,1.0,1.0,1.0,2.0,5.0,3.0
1905.0,5c9452fe9d629615c2240c38801f9ee7,891400448,2.0,,3.0,2.0,1.0,1.0,1.0,2.0,1.0,1.0
1912.0,725f0a4f9142db642dcf5b2a30c3b1cf,177770321,1.0,,5.0,4.0,162.0,1.0,,4.0,5.0,3.0
1913.0,6d607e18fb0cd404f3db000339b7590d,621257420,1.0,,5.0,4.0,162.0,1.0,1.0,3.0,3.0,1.0
1915.0,29d43df77dcd40f98da0dd4db2f604b4,253009831,1.0,,5.0,4.0,1.0,1.0,,3.0,5.0,3.0
1918.0,d12426f21cca0910798ed82ec13a5f9a,865688666,1.0,,2.0,1.0,162.0,1.0,5.0,1.0,4.0,2.0
1919.0,cc5701e23d9e52e0819fe01b3edae491,876326403,2.0,,5.0,4.0,162.0,1.0,5.0,4.0,4.0,2.0
1926.0,334173d06e2c4893907f8901cc55578c,886844270,2.0,,3.0,2.0,1.0,1.0,5.0,4.0,4.0,2.0
1943.0,88a94453d07dc163a78c4067ac56fe10,719077091,2.0,,5.0,4.0,162.0,1.0,5.0,4.0,5.0,3.0
1955.0,68fcb541b1be7d116827940501c68237,34540703,2.0,,5.0,4.0,162.0,1.0,1.0,3.0,4.0,2.0
1964.0,6ed040a98ae5a7f80efee1ed94406e18,900144384,2.0,,2.0,1.0,1.0,1.0,1.0,2.0,2.0,1.0
1987.0,061deeee116954536b8eaefdcafcce0c,135716313,2.0,,5.0,4.0,162.0,1.0,,3.0,5.0,3.0
2005.0,6517c904a71c7e602359d7f58662f6a0,895377245,1.0,,2.0,1.0,1.0,1.0,,3.0,4.0,2.0
2039.0,3d16367fa61bca6c5596558d24e6825f,512756247,1.0,,2.0,1.0,1.0,1.0,5.0,2.0,1.0,1.0
2095.0,118eb0b2d80237099ed8edb0c18e6cb1,926047157,2.0,,2.0,1.0,1.0,1.0,1.0,2.0,2.0,1.0
2137.0,afc6bdec7a8e03120ec337d7bb5ae790,83639431,1.0,,5.0,4.0,162.0,1.0,1.0,3.0,4.0,2.0
2166.0,40d58eacf5e86fdfbf98bff302df05cf,204492350,2.0,,2.0,1.0,1.0,1.0,,2.0,4.0,2.0
2169.0,58b80778f374c23094612ae596b2fea2,513262802,2.0,,5.0,4.0,1.0,1.0,1.0,4.0,5.0,3.0
2170.0,80bd227671a2766b43ca2fd3e79fe6e1,911384608,2.0,,3.0,2.0,1.0,1.0,5.0,1.0,1.0,1.0
2176.0,94906ee356a4e8445f50d9cc712ab3f7,896426288,1.0,,2.0,1.0,162.0,1.0,5.0,4.0,5.0,3.0
2179.0,01cfc14f82d974159eedd1aee6486934,925795428,1.0,,3.0,2.0,1.0,1.0,,3.0,3.0,1.0
2182.0,ab7d977f8bf208dcc98dcfe5dbbacb4f,24970937,1.0,,4.0,3.0,1.0,1.0,5.0,4.0,5.0,3.0
2184.0,e4366250908d7be97e61355abca2a9b4,912355272,2.0,,3.0,2.0,162.0,1.0,,3.0,1.0,1.0
2193.0,d36f4c25c80070d4f548b336bf1199c7,911690191,1.0,,5.0,4.0,1.0,1.0,1.0,3.0,5.0,3.0
2194.0,2b071f7deaa582f9103e3f30fe4169ef,631286212,2.0,,4.0,3.0,1.0,1.0,5.0,3.0,5.0,3.0
2199.0,4aae364d9cf74e7a275628d171b9eb0c,926004794,1.0,,2.0,1.0,1.0,1.0,5.0,3.0,3.0,1.0
2201.0,5ae7350388d3b56ace8e11587f08cabc,99705226,1.0,,4.0,3.0,1.0,1.0,5.0,4.0,4.0,2.0
2202.0,6289fc2b630b64f1323d044f0ea22b30,925665523,2.0,,2.0,1.0,1.0,1.0,5.0,4.0,5.0,3.0
2203.0,cf992ee696a5775b93a1f8d54b321faf,342770055,1.0,,3.0,2.0,1.0,1.0,,4.0,3.0,1.0
2206.0,724db52a161d6d13aa81cbc81b1ada76,59147100,2.0,,3.0,2.0,1.0,1.0,24.0,4.0,5.0,3.0
2209.0,389c90dfbec49ed10fb1229ad1a7f128,1707647,2.0,,5.0,4.0,162.0,1.0,1.0,4.0,4.0,2.0
2218.0,e7204c25a5e6d8235ddf46e858e3fce6,613419485,2.0,,3.0,2.0,162.0,1.0,5.0,3.0,3.0,1.0
2220.0,20d027a7d314fb9984f7d6796ac0e6e8,867700702,1.0,,3.0,2.0,1.0,1.0,5.0,3.0,5.0,3.0
2225.0,9d7d3f3dd63de2689c328aacb3a2dbae,561022467,1.0,,4.0,3.0,1.0,1.0,5.0,3.0,5.0,3.0
2227.0,5651e68ab459cfce160856d1cdc9897b,912184048,1.0,,2.0,1.0,162.0,1.0,5.0,2.0,3.0,1.0
2229.0,d5d6b8f574e7f25aac8c7c9539a6d3e0,105028877,2.0,,5.0,4.0,1.0,1.0,1.0,3.0,5.0,3.0
2230.0,f15e19e924a73594eb5b8b4c898cc04f,925535753,1.0,,3.0,2.0,162.0,1.0,1.0,4.0,4.0,2.0
2234.0,d476a4de3a082b0ecfe59549f5ad17ec,872360854,1.0,,3.0,2.0,162.0,1.0,,4.0,3.0,1.0
2250.0,f63f58bc2f9f54dce60a96cc8d5280f9,534987421,2.0,,4.0,3.0,1.0,1.0,24.0,4.0,4.0,2.0
2251.0,e8141114e45c604d0cd9dff2d4138949,810797759,2.0,,3.0,2.0,162.0,104.0,1.0,3.0,4.0,2.0
2257.0,5354f80d601e9c485cc8460def9d6c0e,112902156,1.0,,2.0,1.0,1.0,1.0,1.0,4.0,4.0,2.0
2261.0,d292f14440915c09659f5492e5e805c0,921100698,2.0,,2.0,1.0,1.0,1.0,,3.0,1.0,1.0
2267.0,f0134ba28490a3ef0f55af9fa01ffc01,923719245,1.0,,3.0,2.0,1.0,1.0,5.0,4.0,4.0,2.0
2278.0,b63b95c2df98c95bd8b3f2f2463a3b5c,638936906,1.0,,4.0,3.0,162.0,1.0,1.0,3.0,5.0,3.0
2282.0,6471582770ff35770117bac9da98af17,925922739,1.0,,4.0,3.0,1.0,1.0,1.0,3.0,4.0,2.0
2283.0,a83eed55f73ea6e6ad29628ab78a33a5,28553189,1.0,,4.0,3.0,162.0,1.0,,4.0,1.0,1.0
2284.0,9052ccc9a0ed3de51c338366dacdc58c,108244116,1.0,,4.0,3.0,162.0,1.0,1.0,4.0,3.0,1.0
2290.0,7f4d444c116f675a1cb0e39add69f1e4,590036558,1.0,,3.0,2.0,162.0,1.0,1.0,4.0,5.0,3.0
2293.0,d444e0f2057e2cd81d0dba72f83c34f2,863129090,1.0,,3.0,2.0,162.0,1.0,5.0,3.0,5.0,3.0
2297.0,f2a3634ddc070b17d2ce46244abf8895,926145276,1.0,,3.0,2.0,1.0,1.0,36.0,3.0,4.0,2.0
2301.0,69de3c90f6a39661630846b050676c25,792692151,1.0,,3.0,2.0,1.0,1.0,,4.0,3.0,1.0
2306.0,974791a2baa6fb74502733b3f4eff4f9,900908981,2.0,,4.0,3.0,162.0,1.0,5.0,4.0,4.0,2.0
2310.0,198a28b6fdb6dda9a38b8991facf1131,894795017,1.0,,3.0,2.0,1.0,1.0,5.0,3.0,3.0,1.0
2313.0,fdf53fc5b307b5abab9df383a5b48067,854547611,1.0,,3.0,2.0,1.0,1.0,,4.0,4.0,2.0
2314.0,a52b9c73838badbd89f3b7199ba17893,910705037,1.0,,3.0,2.0,162.0,1.0,5.0,3.0,3.0,1.0
2315.0,0a573d5639296faa3d5a01e82e292007,749790500,2.0,,3.0,2.0,1.0,1.0,,4.0,3.0,1.0
2316.0,58ef3826e86bef505f7ea041af9e4c95,24734970,1.0,,4.0,3.0,1.0,1.0,1.0,3.0,3.0,1.0
2322.0,7da8868aaddebce189771ccc0118d185,1712960,2.0,,4.0,3.0,162.0,1.0,5.0,3.0,4.0,2.0
2328.0,dbda12818860a83465bd7da57f47902b,913509098,1.0,,3.0,2.0,162.0,1.0,,4.0,3.0,1.0
2330.0,a8f3a2e00c030b81698316f376284331,926171122,2.0,,4.0,3.0,1.0,1.0,,3.0,4.0,2.0
2332.0,851ebdc5d81d0170f6527cfed12baab0,681941800,1.0,,3.0,2.0,1.0,1.0,1.0,4.0,4.0,2.0
2333.0,a68a2819ce3967edba2b4facae58fa9f,37241729,1.0,,4.0,3.0,162.0,1.0,1.0,4.0,4.0,2.0
2335.0,c3778b91e74344319df9a7695ce0fec7,900516148,2.0,,2.0,1.0,1.0,1.0,5.0,3.0,3.0,1.0
2336.0,3028d2baf4e7cffa1d7b0cba7ccd4561,440773371,2.0,,4.0,3.0,162.0,1.0,5.0,3.0,5.0,3.0
2337.0,407c6766655523464f5fc6eb1376b484,925528877,2.0,,4.0,3.0,162.0,1.0,,3.0,2.0,1.0
2347.0,80abb5f646cbe43b49f7c70739bac62a,160168328,1.0,,2.0,1.0,1.0,1.0,,4.0,3.0,1.0
2359.0,af28252fab691cd5c7d647a402641bac,892726541,1.0,,3.0,2.0,162.0,1.0,5.0,4.0,4.0,2.0
2364.0,d5ae36b60b67746c5afa282e75bf3752,343105118,1.0,,2.0,1.0,1.0,1.0,,3.0,3.0,1.0
2365.0,07a8b477746c5560362f5ff2ad327aab,907451589,1.0,,4.0,3.0,1.0,1.0,5.0,4.0,5.0,3.0
2369.0,248ea8264afbaffd9e465aec6c9cff74,42960437,2.0,,4.0,3.0,1.0,1.0,1.0,3.0,4.0,2.0
2374.0,5b77d8889aebbd15d9637276cc06d7b4,813630687,2.0,,3.0,2.0,1.0,1.0,,4.0,2.0,1.0
2378.0,51b47005108f6a9a90d1536bad792e74,178641420,2.0,,3.0,2.0,1.0,1.0,,3.0,3.0,1.0
2386.0,22c60b52ad3814091e074a92be74a0b1,93320563,1.0,,3.0,2.0,1.0,1.0,1.0,4.0,3.0,1.0
2388.0,abe91f997a5f6dc82d8038ac506cb29c,921295209,1.0,,2.0,1.0,1.0,1.0,1.0,3.0,3.0,1.0
2389.0,8195e2c03717bed165969c2a38481555,853856281,2.0,,3.0,2.0,1.0,1.0,1.0,3.0,3.0,1.0
2395.0,24359bf038c29be5df64df23b1597e01,302770805,1.0,,3.0,2.0,1.0,1.0,,4.0,4.0,2.0
2401.0,147500d884a826a6f81e58e84663de13,463859120,1.0,,3.0,2.0,1.0,1.0,,4.0,4.0,2.0
2403.0,a0f8bb612cea41ff8392ad5b53bee2e4,820985307,1.0,,3.0,2.0,162.0,1.0,1.0,4.0,5.0,3.0
2405.0,6ec01492f22cfcfef5b6f6ccdbdf7f92,845135944,1.0,,3.0,2.0,1.0,1.0,5.0,4.0,4.0,2.0
2412.0,7ea22d3e996011aab8cc0221f7eb5ca4,702292599,2.0,,4.0,3.0,162.0,1.0,1.0,3.0,4.0,2.0
2413.0,7e6185b0117a7f826668c7a7bf96881c,921125847,1.0,,3.0,2.0,1.0,1.0,1.0,2.0,5.0,3.0
2418.0,adfc3afd1688b378be41d1bcddce9217,2648828,2.0,,3.0,2.0,1.0,1.0,5.0,4.0,5.0,3.0
2419.0,63b22e438a6d815e5b0661a7244a1e81,133006641,2.0,,5.0,4.0,162.0,1.0,,3.0,3.0,1.0
2420.0,073a5fafb0082aa57dd3cfb8c879af30,99773457,1.0,,4.0,3.0,162.0,1.0,,3.0,3.0,1.0
2425.0,8d10417350d7cc08bb5df61b73eece02,30653006,1.0,,4.0,3.0,162.0,1.0,1.0,2.0,3.0,1.0
2426.0,df678450310c8ea6fcf5188a0e65ee4d,496584285,1.0,,3.0,2.0,1.0,1.0,1.0,3.0,4.0,2.0
2428.0,f01f9a03bf539a32f063d397421733f2,817056913,1.0,,4.0,3.0,162.0,1.0,1.0,4.0,4.0,2.0
2433.0,dd1032fe33cb7f145cfba961a9122578,920680954,1.0,,2.0,1.0,1.0,1.0,,3.0,3.0,1.0
2437.0,008c17e27b196e0bb5cd414c5d134e83,703948508,1.0,,3.0,2.0,1.0,1.0,1.0,4.0,5.0,3.0
2444.0,b115f9a9e8ca9c3ecf2e4f658d68ad00,9592138,1.0,,3.0,2.0,1.0,1.0,5.0,4.0,4.0,2.0
2446.0,45f1650c29de71b8a3cb3579e82eadf6,842428873,1.0,,2.0,1.0,1.0,1.0,5.0,4.0,3.0,1.0
2447.0,ef0a9e1c774319b1745b2a1d7140a621,903522882,2.0,,3.0,2.0,1.0,1.0,1.0,3.0,3.0,1.0
2449.0,9ea866c28510f2cb5062d9ada326e114,20915839,1.0,,3.0,2.0,1.0,1.0,1.0,3.0,3.0,1.0
2452.0,dec4d92b82e0479a74dacc428532fb75,699469978,1.0,,2.0,1.0,1.0,1.0,1.0,2.0,3.0,1.0
2454.0,278f6f5298ad5b7dc6d8294eda135a72,910012257,1.0,,2.0,1.0,162.0,1.0,5.0,3.0,5.0,3.0
2458.0,a07c779d90136d76d77f5ab5c77b65c1,438642921,1.0,,3.0,2.0,162.0,1.0,5.0,3.0,3.0,1.0
2461.0,7313d3538cc13f69541cd8cdb166bca3,302611483,2.0,,4.0,3.0,1.0,1.0,5.0,4.0,4.0,2.0
2462.0,59cab5a02ef8c2dea8e9de90c71af774,702275923,1.0,,3.0,2.0,1.0,1.0,1.0,3.0,3.0,1.0
2463.0,5dddaf76c96de463c2ed118a186ca06e,912059802,1.0,,4.0,3.0,1.0,1.0,,4.0,3.0,1.0
2464.0,3dac7e3e1ae21ccc606e29a17278247d,890148477,2.0,,3.0,2.0,162.0,1.0,1.0,4.0,4.0,2.0
2465.0,04654e42f42058fd5207d0cd7d822e52,871862984,2.0,,5.0,4.0,1.0,1.0,,3.0,5.0,3.0
2468.0,f02affd3df6c2dad525e407ebb895775,776042386,2.0,,3.0,2.0,1.0,1.0,5.0,4.0,3.0,1.0
2479.0,5f730104184e191506db72b2a2c777e1,921138390,1.0,,2.0,1.0,1.0,1.0,5.0,3.0,5.0,3.0
2480.0,76880c10e5aaafc6a520f8fe954872f7,925793348,1.0,,4.0,3.0,1.0,1.0,1.0,2.0,5.0,3.0
2485.0,47bb11368e55f96554eaa831b911f039,919223499,1.0,,2.0,1.0,1.0,1.0,1.0,2.0,3.0,1.0
2487.0,c7fbce0e6201dc5fb7a2511cb21baa49,864472990,1.0,,3.0,2.0,1.0,1.0,1.0,2.0,2.0,1.0
2488.0,79693a533d8efea696505ac1b6f2b655,259995545,1.0,,3.0,2.0,1.0,1.0,1.0,4.0,4.0,2.0
2491.0,7d237bf9092503a0cd1d871ec0cdcd7f,520277628,1.0,,3.0,2.0,1.0,1.0,5.0,3.0,3.0,1.0
2493.0,15159e83ef9f239f203194759958436a,614573881,1.0,,3.0,2.0,1.0,1.0,1.0,3.0,4.0,2.0
2495.0,30915b552c4e66f665315834795d6771,918482309,1.0,,3.0,2.0,162.0,1.0,5.0,3.0,4.0,2.0
2497.0,43d3c8c247ecce2780599cc1372522f5,42544682,1.0,,4.0,3.0,1.0,1.0,5.0,4.0,5.0,3.0
2498.0,0e8b905bce1c83a8ab212e0b38a82e54,189333393,1.0,,3.0,2.0,162.0,1.0,,4.0,4.0,2.0
2499.0,81db4b385fbf41bbd2afe3996ae49fc4,397582374,2.0,,4.0,3.0,1.0,1.0,,4.0,4.0,2.0
2500.0,5e94db962a8063a3eec00483165a5f1c,230099266,2.0,,3.0,2.0,162.0,1.0,5.0,4.0,3.0,1.0
2511.0,2bfb5fd78f28f3caea2c435aa61e2f22,806720993,2.0,,4.0,3.0,1.0,1.0,5.0,4.0,2.0,1.0
2517.0,ba0e7502e24a59b82acc69d06ab0551a,524998363,2.0,,4.0,3.0,1.0,1.0,,4.0,3.0,1.0
2520.0,a9506d32232b202a7bef1dd5504bdd96,706410439,1.0,,3.0,2.0,1.0,1.0,5.0,4.0,5.0,3.0
2521.0,feb86a8a1985d6b5b975d0b163768509,83875786,1.0,,4.0,3.0,1.0,1.0,1.0,4.0,3.0,1.0
2523.0,94b8fb5792cc485d4b140989e1f2528c,924105402,1.0,,4.0,3.0,1.0,1.0,,4.0,3.0,1.0
2530.0,e45b6d06f9cb1945ba20fd34465726f3,692296012,2.0,,3.0,2.0,162.0,1.0,5.0,4.0,4.0,2.0
2534.0,f7f30afae4d6e238e399e7565fc02d86,430583846,2.0,,3.0,2.0,1.0,1.0,,3.0,4.0,2.0
2536.0,419c750f9c12132beeadeeffb1abfd9f,2514542,2.0,,4.0,3.0,162.0,1.0,89.0,3.0,3.0,1.0
2541.0,0d04cc07251d62077b1102551f517e89,895950813,2.0,,3.0,2.0,1.0,1.0,88.0,3.0,3.0,1.0
2542.0,1a99f8f20ae26562ea7bbfcb361e20b7,9470644,1.0,,5.0,4.0,162.0,1.0,1.0,4.0,3.0,1.0
2543.0,e7c9fc33880ba2a0b57dd5d797291764,765156543,1.0,,4.0,3.0,162.0,1.0,5.0,4.0,3.0,1.0
2545.0,a4f0f2378c971d8988d0265733107c43,924354156,1.0,,4.0,3.0,1.0,1.0,,3.0,3.0,1.0
2552.0,478bece54e4a0dd4b7d3d3e594da5bbe,784085088,2.0,,4.0,3.0,162.0,1.0,1.0,3.0,4.0,2.0
2553.0,c6a5f54cfb890eb77b4e88c1a52c7db0,923921682,1.0,,5.0,4.0,1.0,1.0,1.0,3.0,4.0,2.0
2560.0,c3d9b9633c8a863a49f8918387c1f71f,42505562,2.0,,4.0,3.0,1.0,1.0,5.0,4.0,5.0,3.0
2561.0,e532e1f065a8fbf46318fc56f1e486f5,925444133,2.0,,3.0,2.0,162.0,1.0,5.0,3.0,3.0,1.0
2562.0,70db2a154a23b5fdc6421a7815493ffb,101275121,1.0,,5.0,4.0,1.0,1.0,1.0,3.0,5.0,3.0
2568.0,7acb9e62c4c78470e1728e8de0089e2a,925765438,1.0,,2.0,1.0,1.0,1.0,,3.0,4.0,2.0
2573.0,471cfa06692c9b2329b1aab6ac3696db,33794564,2.0,,5.0,4.0,1.0,1.0,1.0,3.0,5.0,3.0
2576.0,a04ff08d645e1d81cd75847b3c058bbc,281581870,1.0,,3.0,2.0,1.0,1.0,1.0,2.0,5.0,3.0
2577.0,1d60711a5fff2caa7a0237b34eb07b6e,533179505,2.0,,4.0,3.0,1.0,1.0,,4.0,5.0,3.0
2579.0,9d23e95748c0417c3856072c8204389a,919288003,2.0,,4.0,3.0,162.0,1.0,,3.0,5.0,3.0
2581.0,eef3ba75c5b6fe11ec6af5c1c48efbba,926198890,2.0,,3.0,2.0,1.0,1.0,1.0,3.0,4.0,2.0
2588.0,b4fa493bef3459deb15022f12e773f50,102363269,2.0,,3.0,2.0,1.0,1.0,1.0,3.0,2.0,1.0
2589.0,3206cdfe93b15a7c022c2b2584a0a845,864051456,1.0,,3.0,2.0,162.0,1.0,,3.0,3.0,1.0
2591.0,713a09a5a85261e71a3cfa079c4a2fc4,1701530,2.0,,5.0,4.0,162.0,1.0,1.0,3.0,4.0,2.0
2594.0,959e84bf88d307fe019149d3d2582e18,916700530,2.0,,2.0,1.0,1.0,1.0,1.0,3.0,3.0,1.0
2599.0,51990893126b95ac7429624adaddf7f8,923762591,1.0,,5.0,4.0,1.0,1.0,1.0,4.0,4.0,2.0
2603.0,52af73623e171c79e80246b07e37c983,134115791,2.0,,5.0,4.0,162.0,1.0,1.0,3.0,3.0,1.0
2607.0,a9cd16408aaa79a3ca9271c749c8a262,501386716,1.0,,2.0,1.0,162.0,1.0,,3.0,5.0,3.0
2610.0,a7da67f455376971de43991ea7e406dd,628353572,1.0,,4.0,3.0,1.0,1.0,,3.0,3.0,1.0
2611.0,8d4ca1c6f3bd990f270308bd9509a880,471282647,1.0,,2.0,1.0,162.0,1.0,5.0,3.0,3.0,1.0
2615.0,01bc5623c8a0f8ae1924176958f2b9c1,596492911,1.0,,3.0,2.0,1.0,1.0,5.0,4.0,5.0,3.0
2616.0,4d8f1181f9506bde60bbce32bb6cb8a6,805728026,2.0,,4.0,3.0,162.0,1.0,1.0,4.0,4.0,2.0
2617.0,d64c54c01d228bc13cf50b2999596ec5,879899132,1.0,,5.0,4.0,162.0,1.0,,3.0,3.0,1.0
2622.0,93ec9b492c1aaa2911e56c8589fb5c60,858681995,1.0,,3.0,2.0,1.0,1.0,1.0,2.0,5.0,3.0
2623.0,6f6e199d419ec2a2e845a692949f062d,623971663,1.0,,3.0,2.0,1.0,1.0,5.0,4.0,4.0,2.0
2625.0,eb4ca246c01ead94b86ecd5015fcb3d7,191564958,1.0,,4.0,3.0,162.0,1.0,,3.0,2.0,1.0
2632.0,05155cd89646707f7e4ddec25badbd9b,40380849,1.0,,3.0,2.0,1.0,1.0,5.0,4.0,5.0,3.0
2634.0,6bcec130a4452ddc69a7b2a3e730eeed,811666859,1.0,,3.0,2.0,1.0,1.0,5.0,4.0,5.0,3.0
2636.0,7417a6e5930127614968af52f1393262,907761150,2.0,,4.0,3.0,1.0,1.0,116.0,3.0,4.0,2.0
2637.0,d10be4a7874fb398b7aa69b72e546af8,508344668,1.0,,4.0,3.0,1.0,1.0,1.0,3.0,5.0,3.0
2640.0,697713ded07d1c7dfc4c47193c932b47,219491352,2.0,,4.0,3.0,1.0,1.0,,4.0,3.0,1.0
2650.0,5667e07f091d0f30c77e046045c5f76b,713834959,2.0,,4.0,3.0,1.0,1.0,1.0,3.0,2.0,1.0
2651.0,edc515933916afc62db26049cd61a6cc,925556410,1.0,,2.0,1.0,1.0,1.0,1.0,3.0,3.0,1.0
2653.0,b8ab0440b22659e30391f476e1d3d9c1,921941911,1.0,,4.0,3.0,1.0,1.0,1.0,4.0,4.0,2.0
2655.0,42943b8af16d3a571cc9d104ec5e6045,926163296,1.0,,3.0,2.0,1.0,1.0,,2.0,2.0,1.0
2657.0,195d4dfaa9dee1256b84e4598304c62e,919937804,2.0,,4.0,3.0,1.0,1.0,1.0,3.0,4.0,2.0
2658.0,d6ecdb34935f83974241d20565a583dd,926205548,2.0,,2.0,1.0,1.0,1.0,5.0,3.0,3.0,1.0
2667.0,016990bd970c4291c0f6b3397797be48,721167248,1.0,,2.0,1.0,1.0,1.0,,3.0,4.0,2.0
2669.0,fe2a8cf07c6f6d80b264775c7d227745,918885716,1.0,,3.0,2.0,162.0,1.0,,1.0,4.0,2.0
2671.0,348a3fd66179dc07b16024a96dfd37dc,85942963,1.0,,3.0,2.0,1.0,1.0,89.0,4.0,4.0,2.0
2682.0,6f2e99fbd0c3324239887ef512289913,2514245,1.0,,4.0,3.0,1.0,1.0,1.0,4.0,4.0,2.0
2688.0,623e27942de5b0938035cf256a652d9b,823836386,1.0,,3.0,2.0,1.0,1.0,5.0,4.0,3.0,1.0
2696.0,74c350054e46e3cf4f9ca2072c8d3606,1708519,1.0,,4.0,3.0,162.0,1.0,1.0,3.0,4.0,2.0
2699.0,dce6062c1b2c8a583bf8fa1521c940c0,99450694,2.0,,4.0,3.0,1.0,1.0,,4.0,4.0,2.0
2701.0,25382e3bcd6ef73c39b83fb8e2058ff4,560167704,1.0,,3.0,2.0,1.0,1.0,1.0,4.0,4.0,2.0
2705.0,1f8bde5165196d44c25ddcaba7e41a63,920226912,1.0,,3.0,2.0,1.0,1.0,1.0,3.0,2.0,1.0
2707.0,97e2decefffff64e72fc40fc9e23275f,1707160,2.0,,5.0,4.0,1.0,1.0,1.0,4.0,4.0,2.0
2713.0,8520f9f079f3171373ca440e8a297817,166059706,1.0,,4.0,3.0,162.0,1.0,1.0,4.0,5.0,3.0
2714.0,de5d4c3ec4d11cefea96610797db7919,900956603,1.0,,3.0,2.0,1.0,1.0,1.0,4.0,3.0,1.0
2715.0,5f5a250c0f792b38aa1c808ad4c1dc99,750147544,2.0,,3.0,2.0,162.0,1.0,,4.0,3.0,1.0
2716.0,b0cd0ee35695033444bf5e68b411b305,52362127,1.0,,4.0,3.0,1.0,1.0,1.0,4.0,3.0,1.0
2717.0,48098e1d6a4007810c5acdca540c3f82,2512836,2.0,,4.0,3.0,162.0,1.0,1.0,3.0,5.0,3.0
2725.0,bb36f89cf57c1b63078c8361a17056e1,924474780,2.0,,4.0,3.0,1.0,1.0,,3.0,3.0,1.0
2726.0,774a82c53e93a370ca7d0a264a950f02,924364557,1.0,,5.0,4.0,1.0,1.0,5.0,4.0,5.0,3.0
2730.0,ef97e073b34d8dfd4abcbbcfc8f4d51a,781265072,1.0,,4.0,3.0,1.0,5.0,1.0,3.0,4.0,2.0
2731.0,ca981d8370f6ed7eecb3d8142076254f,669530038,2.0,,5.0,4.0,1.0,1.0,,3.0,5.0,3.0
2734.0,d54143e7b650839d68405087823e14ec,135759151,1.0,,4.0,3.0,1.0,1.0,1.0,3.0,3.0,1.0
2739.0,4f577e5fbca8277af4e35dae0bada64e,1688633,2.0,,5.0,4.0,1.0,1.0,36.0,4.0,4.0,2.0
2744.0,6764eb5655f1383d9fa6523d6d1964bc,28997337,2.0,,4.0,3.0,1.0,1.0,1.0,4.0,3.0,1.0
2750.0,b1e74163a1e1cd9593a6f3c8ad700398,902085450,2.0,,5.0,4.0,162.0,1.0,1.0,4.0,4.0,2.0
2756.0,52c22fe3eb58f94ef99cf66f88d71e3b,178000593,2.0,,4.0,3.0,1.0,1.0,,4.0,4.0,2.0
2758.0,8ed83ae6b20c479de89735f2769f165e,22149249,2.0,,3.0,2.0,162.0,1.0,1.0,4.0,4.0,2.0
2763.0,4ec599de8c0cee45d263d523194be994,11712935,1.0,,3.0,2.0,1.0,1.0,1.0,4.0,5.0,3.0
2764.0,85c9b64662209592681d0ba4d4ad3125,109780349,2.0,,2.0,1.0,162.0,1.0,5.0,3.0,3.0,1.0
2771.0,c81ea6243deb0c079029596952570c85,896160086,1.0,,3.0,2.0,1.0,1.0,5.0,4.0,5.0,3.0
2776.0,cb03a381284be8d78588ea813d8820a0,780875260,2.0,,3.0,2.0,162.0,1.0,1.0,3.0,4.0,2.0
2779.0,3188466b41a1c2e76c546684363be29c,916148228,2.0,,3.0,2.0,162.0,1.0,5.0,3.0,3.0,1.0
2782.0,3a674d5babedc0931b82217c073dea3f,436040410,1.0,,4.0,3.0,1.0,1.0,1.0,4.0,5.0,3.0
2784.0,1c312fc7321262d0dd7daf35241bd87a,84468796,1.0,,4.0,3.0,1.0,1.0,5.0,3.0,5.0,3.0
2789.0,274714bb9f890390cdea0fb3cc7a7af5,12671072,2.0,,4.0,3.0,1.0,1.0,5.0,4.0,4.0,2.0
2790.0,76d0e3d90a9f72e34ec869cb0f06a216,666406155,1.0,,2.0,1.0,1.0,1.0,,4.0,5.0,3.0
2804.0,a6d4025127aa5f0458e0b4a3e63ee0b2,880683259,2.0,,4.0,3.0,162.0,1.0,5.0,3.0,5.0,3.0
2809.0,12b5a1e1bcf2425d32054e610a33f30a,918433979,1.0,,4.0,3.0,1.0,1.0,89.0,2.0,5.0,3.0
2810.0,598bbde910b1ceb24fc018717b3f83e4,47250273,2.0,,5.0,4.0,1.0,1.0,,3.0,4.0,2.0
2811.0,47d9b9b98e5deb0601fbb3645b2cbb82,10053416,1.0,,4.0,3.0,1.0,1.0,,4.0,2.0,1.0
2817.0,41d203c8742da7a1b94d13eea78c6943,749057971,1.0,,4.0,3.0,1.0,1.0,1.0,3.0,4.0,2.0
2822.0,9ddaeaa730a2e134fdc0ecc98f472e33,924754706,1.0,,4.0,3.0,1.0,1.0,149.0,2.0,5.0,3.0
2827.0,a2e8cc4d7a34444adc0f26e5ec1ae4c9,582113436,2.0,,4.0,3.0,162.0,1.0,1.0,3.0,2.0,1.0
2833.0,afecb5d15aba9df44846930f22ddd0be,50319964,2.0,,4.0,3.0,1.0,1.0,1.0,2.0,4.0,2.0
2834.0,be4e5ffcf73ef21c382271749a43e19e,605011164,1.0,,4.0,3.0,1.0,1.0,1.0,3.0,3.0,1.0
2840.0,b0997137a86f9f692fadea33340ebda3,670259767,1.0,,4.0,3.0,1.0,1.0,5.0,3.0,5.0,3.0
2845.0,d6ed24e4ded4a3cd59289cd42d7dc57c,486028741,2.0,,4.0,3.0,162.0,1.0,,3.0,5.0,3.0
2852.0,ce1e623b0595392d72f63180d75faa3b,469845764,1.0,,5.0,4.0,1.0,1.0,1.0,3.0,5.0,3.0
2861.0,dfb7ade7882dbd02a3e908a84f4cf05b,322802339,2.0,,4.0,3.0,162.0,1.0,1.0,4.0,1.0,1.0
2866.0,ed4e0dd0ab0496558bbe509cea73244e,822137532,1.0,,2.0,1.0,1.0,1.0,5.0,3.0,3.0,1.0
2869.0,1eec8fcd0865778fb9881397dfb64329,925441096,2.0,,3.0,2.0,1.0,1.0,1.0,1.0,3.0,1.0
2872.0,64e7d6807b0d44193818ddcaa45a7f23,38978880,2.0,,5.0,4.0,1.0,1.0,1.0,3.0,4.0,2.0
2873.0,36af0e66fbdcd644dec1fb37d01fd7d9,921511952,1.0,,4.0,3.0,162.0,1.0,1.0,4.0,3.0,1.0
2875.0,28104543df2d318a1d351ccd16453188,871794728,1.0,,4.0,3.0,1.0,1.0,1.0,2.0,4.0,2.0
2877.0,7bda1640aa8ab76c1adc8562d4bb15fe,926235344,1.0,,2.0,1.0,1.0,1.0,5.0,3.0,4.0,2.0
2882.0,f492c5a746cf981454603d1826b1545d,587452021,1.0,,4.0,3.0,1.0,1.0,1.0,3.0,5.0,3.0
2883.0,032315326529915202b51f6968400273,311320346,1.0,,4.0,3.0,1.0,1.0,,3.0,5.0,3.0
2884.0,a9f3e5d04ac5a2ebf07024dc016c6f9d,926236074,2.0,,3.0,2.0,1.0,1.0,5.0,3.0,3.0,1.0
2886.0,09a131463449331c037ca739ce36a386,16373283,1.0,,4.0,3.0,1.0,1.0,1.0,4.0,3.0,1.0
2891.0,66c8c32f6f1ca897a9588ee76d7332ac,1726232,2.0,,4.0,3.0,1.0,1.0,1.0,3.0,5.0,3.0
2903.0,d1b40d9062eb3edc84f527e6a684115a,925578024,2.0,,4.0,3.0,1.0,1.0,,3.0,1.0,1.0
2906.0,223524d6cc18cdf6cf435115e18b22b6,300314219,1.0,,4.0,3.0,162.0,1.0,1.0,3.0,4.0,2.0
2908.0,3093777f1c26d7840c843f56ebb3dc96,774933203,1.0,,2.0,1.0,162.0,1.0,1.0,3.0,3.0,1.0
2910.0,339175fbf0c4452e5cf4ab4c1355965e,914088157,2.0,,4.0,3.0,1.0,1.0,1.0,3.0,5.0,3.0
2911.0,bbb4764138e8f8563d883f7a1bd510fb,542691644,1.0,,4.0,3.0,1.0,1.0,1.0,3.0,3.0,1.0
2918.0,b0c16c9b7348adfa8b83e964095b4a31,917607296,1.0,,4.0,3.0,1.0,1.0,5.0,3.0,5.0,3.0
2920.0,95f5e3f84f87a6ea6f712495a370e66a,885444151,1.0,,4.0,3.0,1.0,1.0,1.0,2.0,5.0,3.0
2927.0,1abb02928541d25c5d13299303ab6fba,94665928,2.0,,5.0,4.0,1.0,1.0,1.0,3.0,1.0,1.0
2928.0,d8df1b18d9caa4e251ca301f8f2994da,922424438,2.0,,4.0,3.0,1.0,1.0,1.0,2.0,3.0,1.0
2929.0,ad9b55b617a8085aea7785a7dbc9f44b,68496190,2.0,,5.0,4.0,162.0,1.0,1.0,3.0,5.0,3.0
2930.0,99d43b379523c17877afee041165c6a8,926249608,1.0,,4.0,3.0,1.0,1.0,,3.0,4.0,2.0
2931.0,8b1100b0cc6248b10a07c5e3feb31896,641116835,2.0,,2.0,1.0,162.0,1.0,1.0,3.0,4.0,2.0
2934.0,fe60580678d383492e40219e6d9def59,865701338,2.0,,4.0,3.0,1.0,1.0,5.0,3.0,2.0,1.0
2935.0,ee2305fb6771659cb9b06bfd783cd382,926251095,1.0,,2.0,1.0,1.0,1.0,5.0,3.0,5.0,3.0
2940.0,dd232168042a6f62f5d54031db9ea807,922426965,2.0,,4.0,3.0,1.0,1.0,1.0,2.0,3.0,1.0
2949.0,066856e36857c25f355b7b28e0eb8ed5,32124568,1.0,,4.0,3.0,162.0,1.0,1.0,4.0,4.0,2.0
2950.0,7fb22beaba9d79408344d23acea4864a,32993568,2.0,,3.0,2.0,162.0,1.0,1.0,3.0,4.0,2.0
2951.0,2233d4707eeb0a921bcc989d03a41aba,886590398,1.0,,4.0,3.0,1.0,1.0,149.0,3.0,5.0,3.0
2954.0,ea5115b9b11c6464250f4e9efcf9bd73,913527612,2.0,,4.0,3.0,162.0,1.0,1.0,2.0,4.0,2.0
2956.0,a385812d43b60736a5bdb81c61fe3e81,545974695,1.0,,4.0,3.0,1.0,1.0,1.0,3.0,4.0,2.0
2965.0,498ae37fc60bec3d60ed317a19a42b0b,541194259,2.0,,4.0,3.0,1.0,1.0,1.0,3.0,3.0,1.0
2973.0,d7bff951cccfffe3eefc91930532e9ab,923963673,2.0,,3.0,2.0,1.0,1.0,,4.0,2.0,1.0
2979.0,2c1740e3d837bf565fb0e2e097f7a63a,55149275,1.0,,2.0,1.0,162.0,1.0,1.0,3.0,2.0,1.0
2981.0,55ec1278d68b38e358d6eea68fed7fe0,39751253,2.0,,5.0,4.0,1.0,1.0,1.0,3.0,4.0,2.0
2985.0,816ee53233e31c0b7852250748302bb4,202780349,2.0,,4.0,3.0,1.0,1.0,5.0,3.0,3.0,1.0
2992.0,69835f56fb434dca77ea9e213e69d2f1,27105451,1.0,,5.0,4.0,162.0,1.0,1.0,3.0,4.0,2.0
2993.0,44aa923392b3ca5524e1e8b64737a7a1,10052592,2.0,,3.0,2.0,1.0,1.0,1.0,4.0,3.0,1.0
2994.0,1255c135c86b13fd85e44861e40044eb,16731421,1.0,,5.0,4.0,1.0,1.0,,3.0,5.0,3.0
2995.0,15b4b17c6ab23ca85914b2f09984c519,11009702,2.0,,5.0,4.0,1.0,1.0,5.0,4.0,4.0,2.0
3026.0,9003ad3ffee9b7e3f1f1562344979c83,131875501,2.0,,3.0,2.0,1.0,1.0,1.0,4.0,3.0,1.0
3036.0,a48a3289f009e2d92d5602ca6f71b6e5,293864572,2.0,,4.0,3.0,162.0,1.0,1.0,4.0,2.0,1.0
3043.0,45df83a0e2c4f2978fc5273a8bab06c2,883198410,2.0,,4.0,3.0,1.0,1.0,1.0,2.0,3.0,1.0
3046.0,3296e37769e983ed346fec03caf7d143,919386722,2.0,,2.0,1.0,1.0,1.0,5.0,2.0,4.0,2.0
3070.0,ae9a0d8ab914220ff2a343bc616695b4,926312534,2.0,,2.0,1.0,1.0,1.0,1.0,2.0,2.0,1.0
3086.0,6e076286545dbae8a43f3b9151a7ee1f,174778763,1.0,,2.0,1.0,1.0,1.0,5.0,1.0,3.0,1.0
3100.0,1d1cad24658f323f075e84fccc5c992d,926460096,2.0,,3.0,2.0,1.0,1.0,1.0,2.0,3.0,1.0
3108.0,d760936d01f41dac8cf8f65cae1bc999,921845836,2.0,,4.0,3.0,1.0,1.0,1.0,2.0,2.0,1.0
3112.0,ccf3f0578c7b4b64a3719f46be61d780,912358673,2.0,,2.0,1.0,1.0,1.0,5.0,1.0,1.0,1.0
3118.0,8d8701928c5889864b5b9afa50247992,33809303,2.0,,4.0,3.0,162.0,1.0,,2.0,1.0,1.0
3131.0,2ec886f5eec9fa16358d43f6037d27cf,922890213,1.0,,2.0,1.0,1.0,1.0,1.0,3.0,1.0,1.0
3134.0,0b866149165b7586085904c872f330a6,913149808,1.0,,2.0,1.0,162.0,1.0,5.0,3.0,3.0,1.0
3142.0,a95fd95f46f7f832132113bb184c362f,885534219,1.0,,2.0,1.0,1.0,1.0,5.0,3.0,2.0,1.0
3167.0,042b8b1c4b8e303b30a7f9b93eaf9f78,926676993,1.0,,2.0,1.0,1.0,1.0,1.0,2.0,5.0,3.0
3170.0,b18f35250d88c3202ba85a9c465d80d4,101777253,2.0,,4.0,3.0,162.0,1.0,,1.0,1.0,1.0
3182.0,04f9b3d17c9ddaca1d73cba2c8a011cd,898038942,1.0,,2.0,1.0,1.0,1.0,1.0,1.0,2.0,1.0
3184.0,6a4932a190f968339826c0d83379b3d8,872062695,2.0,,2.0,1.0,162.0,1.0,5.0,3.0,5.0,3.0
3188.0,e6f5496bf91f046f1da4ddfc08972b12,926792828,1.0,,2.0,1.0,1.0,1.0,1.0,2.0,4.0,2.0
3194.0,7eb4ddf63a3969db9719aafc309fd8e3,914111837,2.0,,3.0,2.0,1.0,1.0,5.0,2.0,5.0,3.0
3195.0,4f6aa995562d4769e7ce3041e3a1df8b,911045952,1.0,,2.0,1.0,162.0,1.0,5.0,4.0,5.0,3.0
3201.0,81976a0bef9a0c1a34f40c078ee00ec6,926881500,2.0,,3.0,2.0,1.0,1.0,1.0,2.0,1.0,1.0
3217.0,0cf131c06e0c2923cc280b699eacd0fc,926980609,2.0,,3.0,2.0,1.0,1.0,,1.0,4.0,2.0
3218.0,a0527a24ae6540e9965cd409e4811396,128294607,2.0,,3.0,2.0,162.0,1.0,1.0,2.0,3.0,1.0
3220.0,fd319687ba5ccf5f2acb07d9b86875de,752111381,1.0,,2.0,1.0,1.0,1.0,,3.0,3.0,1.0
3237.0,8f7dba2aa15e8fee1329f20b074ee189,927035823,1.0,,2.0,1.0,1.0,1.0,1.0,2.0,2.0,1.0
3238.0,bf6c2239733cf433230c9d904dd8e5cd,927037157,1.0,,2.0,1.0,1.0,1.0,,2.0,5.0,3.0
3239.0,360c9829be3d82d239c80a3028849e86,927042041,1.0,,2.0,1.0,1.0,1.0,5.0,1.0,5.0,3.0
3249.0,079de957de7e02818e1b373dc4ed82d9,927139742,2.0,,3.0,2.0,1.0,1.0,1.0,1.0,2.0,1.0
3255.0,40a67897b0fab0750cc6d92220d1800d,921516687,2.0,,3.0,2.0,162.0,1.0,1.0,2.0,3.0,1.0
3257.0,1b373b55bcfa0688c0c80880bd59f266,927164026,2.0,,5.0,4.0,1.0,1.0,1.0,2.0,4.0,2.0
3259.0,9f9c0acea992b7839b1c8ea45acb4aef,927171245,2.0,,4.0,3.0,162.0,1.0,1.0,2.0,3.0,1.0
3261.0,5a7109952b55258de9ac35f1c397f6f9,926992236,2.0,,4.0,3.0,162.0,1.0,,2.0,3.0,1.0
3262.0,1d1ecdf78698c087909c434d71921f03,927176197,1.0,,2.0,1.0,162.0,1.0,1.0,1.0,1.0,1.0
3290.0,cb3d8bae2ea7a1bbdb381e14e668a7bb,923580976,1.0,,2.0,1.0,1.0,1.0,5.0,1.0,1.0,1.0
3295.0,677674a6e1a3bda6379cf336a43dd456,927291683,2.0,,3.0,2.0,162.0,1.0,1.0,2.0,3.0,1.0
3299.0,0aa9c468e5501b07afff5e34c24d4125,856300221,2.0,,2.0,1.0,1.0,1.0,5.0,3.0,4.0,2.0
3301.0,76d0c9a186b351e9f9ad64a5458acd10,923115065,2.0,,3.0,2.0,162.0,1.0,5.0,2.0,1.0,1.0
3325.0,5116206fbe4b413126fee87a8e64741f,904927330,2.0,,2.0,1.0,162.0,1.0,1.0,1.0,2.0,1.0
3336.0,261813b815ca2fdb8998d1c9d90c11b8,922609724,2.0,,2.0,1.0,1.0,1.0,5.0,3.0,2.0,1.0
3337.0,812050d5526d01d5f102fcd3c6c1c516,873619295,1.0,,2.0,1.0,1.0,1.0,5.0,3.0,4.0,2.0
3348.0,54cddfb0ff94f16c309cc2f986020814,868539893,2.0,,4.0,3.0,162.0,1.0,5.0,3.0,3.0,1.0
3366.0,83a8bc6b2841740d5050cbfd49d39c2e,921519673,2.0,,4.0,3.0,1.0,1.0,,3.0,3.0,1.0
3377.0,a159e638afec638de2b5d8cca98b20f8,829613514,2.0,,3.0,2.0,1.0,1.0,1.0,3.0,3.0,1.0
3378.0,0e278e77ac9af317b268642f0af5483c,927334021,2.0,,2.0,1.0,1.0,1.0,5.0,3.0,4.0,2.0
3387.0,441a39f817b7afffbd8166f416b9b8dc,838754067,2.0,,2.0,1.0,1.0,1.0,1.0,3.0,3.0,1.0
3393.0,3cec5c856385ebf0f4d1cc6d6bb80cb1,888936926,2.0,,3.0,2.0,1.0,1.0,5.0,3.0,3.0,1.0
3400.0,c8c0fd861d11f51e04a1b3b8743b6af9,926401273,2.0,,2.0,1.0,1.0,1.0,5.0,3.0,4.0,2.0
3405.0,dc36df9d37cc2126b37336ff487b017a,854822246,1.0,,2.0,1.0,1.0,1.0,1.0,3.0,4.0,2.0
3425.0,30a4a861dbb2a8ddceacc0ce193fcf25,925449677,2.0,,3.0,2.0,1.0,1.0,5.0,3.0,5.0,3.0
3440.0,17b46dbff0f28bfe33c5b455f0254a2f,925995642,2.0,,2.0,1.0,1.0,1.0,5.0,3.0,4.0,2.0
3443.0,9d5bfa02dafb7437d96104203edb2593,895285768,1.0,,2.0,1.0,1.0,1.0,5.0,3.0,5.0,3.0
3447.0,e1b414952a3de3109bcae14c2052a40d,915909998,1.0,,2.0,1.0,1.0,1.0,5.0,1.0,3.0,1.0
3455.0,65c620b1af7a8d928a3b7716e5b80931,475113967,1.0,,5.0,4.0,1.0,1.0,,3.0,4.0,2.0
3462.0,6bb29bdbe773ffcad440dff6272081cd,520948457,2.0,,2.0,1.0,162.0,1.0,5.0,2.0,3.0,1.0
3463.0,54adf51e5ce234888702573241188a88,927466944,2.0,,3.0,2.0,1.0,1.0,5.0,1.0,3.0,1.0
3464.0,366931cbef534a53c80d89fdc2ebaecc,927449787,1.0,,2.0,1.0,1.0,1.0,5.0,1.0,3.0,1.0
3467.0,9896aedcb7380aec52bbb25b4d601534,910076535,1.0,,2.0,1.0,1.0,1.0,5.0,3.0,3.0,1.0
3468.0,6271882f9424b127ea08b9374140a4d6,686200503,3.0,Queer,2.0,1.0,162.0,1.0,5.0,3.0,5.0,3.0
3474.0,8fd98fbc08e1b3c2dc909ad9e88c1308,691298082,1.0,,2.0,1.0,1.0,1.0,,3.0,4.0,2.0
3479.0,b6419d13d243ac4271c3cd23f05d1efc,620730558,1.0,,2.0,1.0,1.0,1.0,5.0,3.0,5.0,3.0
3493.0,b7e4cda118c02144dd3f88b9ba9eccc9,920810452,1.0,,2.0,1.0,1.0,1.0,1.0,3.0,4.0,2.0
3498.0,ecd5965e65ac9059297472cf279c6eb5,918570613,1.0,,2.0,1.0,1.0,1.0,5.0,3.0,5.0,3.0
3504.0,bfbd6483c23f012cccf031e404f9beec,93169919,1.0,,5.0,4.0,162.0,1.0,1.0,3.0,3.0,1.0
3520.0,72bfd3ffc28484c39a46a90bef3742a8,885325343,1.0,,2.0,1.0,1.0,1.0,5.0,3.0,5.0,3.0
3522.0,a3dec7c3caac8fbbe730262724b48e4d,506750709,2.0,,3.0,2.0,1.0,1.0,5.0,3.0,3.0,1.0
3549.0,7dca2b8a301474f85017b089edb881a4,39845904,1.0,,5.0,4.0,1.0,1.0,1.0,3.0,3.0,1.0
3564.0,ea69e6faa9be938fe603b9b400da892d,866676675,2.0,,3.0,2.0,1.0,1.0,5.0,3.0,4.0,2.0
3570.0,34d52c9049a69af1c19bd075f9310886,926666343,2.0,,4.0,3.0,1.0,1.0,,3.0,5.0,3.0
3595.0,c58d10288da379c8019d81dcb17408e1,887607163,1.0,,2.0,1.0,162.0,1.0,5.0,3.0,4.0,2.0
3598.0,98b1f30ffdfa9a4b80e1ff6750eae4f0,210373006,2.0,,3.0,2.0,162.0,1.0,40.0,3.0,3.0,1.0
3606.0,65e821adc67bf122fb4997f9a53399c3,927231254,2.0,,3.0,2.0,162.0,1.0,1.0,3.0,3.0,1.0
3623.0,0bf782b32b528dabe6414691bd68a8d7,839440377,1.0,,2.0,1.0,1.0,1.0,1.0,3.0,3.0,1.0
3627.0,ee1514450e60e454b17fe3f9a910343c,40919517,1.0,,5.0,4.0,1.0,1.0,1.0,3.0,4.0,2.0
3631.0,198d9996df0e352b43f108363e89ae8b,9850806,2.0,,5.0,4.0,162.0,1.0,1.0,3.0,3.0,1.0
3655.0,28df4870f28db692bf27ff785f2c6417,813279548,1.0,,2.0,1.0,162.0,1.0,5.0,3.0,4.0,2.0
3657.0,26a7dc500c10ec5101813f91409009a4,810004414,1.0,,2.0,1.0,1.0,1.0,,3.0,3.0,1.0
3660.0,c7846114f9fee4330ac972f622f1caea,915428473,2.0,,2.0,1.0,1.0,1.0,5.0,2.0,1.0,1.0
3694.0,1c28653208c24d1a08465c54a2e9f2b1,854515595,2.0,,2.0,1.0,1.0,1.0,5.0,3.0,4.0,2.0
3717.0,d0714f53abb4a726da1b478864c7ac27,750241173,1.0,,2.0,1.0,1.0,1.0,,3.0,2.0,1.0
3733.0,f806b40deb7a8074021fad9107084d79,926934288,1.0,,2.0,1.0,162.0,1.0,1.0,3.0,4.0,2.0
3742.0,20ff8d5b78b439721cf2322ce6974126,31437028,2.0,,5.0,4.0,1.0,1.0,1.0,3.0,5.0,3.0
3757.0,470bf8a70070e3363d3fb433f88f9f1f,192483555,1.0,,5.0,4.0,1.0,1.0,149.0,3.0,5.0,3.0
3771.0,2497b25ed645eef98250d163765b97b2,41957459,1.0,,5.0,4.0,1.0,1.0,,3.0,4.0,2.0
3779.0,5c81d1d6ead0f80c04c400ab2bd04922,735780335,2.0,,3.0,2.0,162.0,1.0,5.0,3.0,4.0,2.0
3781.0,0fee55a2a65e4f1e9832f119d267489f,871359125,2.0,,3.0,2.0,1.0,1.0,,3.0,4.0,2.0
3788.0,46627e0d87626fb90a318f0be402fc6b,927509805,1.0,,2.0,1.0,1.0,1.0,5.0,3.0,4.0,2.0
3826.0,5dacf7850ef7c4205118bf0ee6a67349,927517082,1.0,,2.0,1.0,162.0,1.0,1.0,1.0,5.0,3.0
3840.0,9577a5c610c94bd47cd3b2ff6a7e6bd7,245691997,1.0,,2.0,1.0,1.0,1.0,5.0,3.0,5.0,3.0
3845.0,eb1e211299d6a416bdfa3b2e1d1bdfd0,46933575,1.0,,4.0,3.0,162.0,1.0,1.0,2.0,4.0,2.0
3848.0,9ec6cbbb7c342e5f282a543684554c5a,565654115,1.0,,3.0,2.0,1.0,1.0,1.0,3.0,3.0,1.0
3849.0,6452e566091f7b429b270558b3afbc3c,614903503,1.0,,4.0,3.0,162.0,1.0,5.0,4.0,4.0,2.0
3869.0,40d2a02ee9dd5d136c12b31eda1695c5,917080173,1.0,,4.0,3.0,162.0,1.0,1.0,3.0,4.0,2.0
3875.0,a17cec0222f906cbf9645c51f3d840d3,921233845,1.0,,3.0,2.0,1.0,1.0,5.0,3.0,3.0,1.0
3881.0,a9fd30aa402640f9145269dc983789d8,927529067,2.0,,3.0,2.0,1.0,1.0,89.0,2.0,3.0,1.0
3888.0,da64734cd8484e9628de7c7dba041435,927494223,1.0,,3.0,2.0,1.0,1.0,1.0,3.0,4.0,2.0
3904.0,bad08462e3c927ec85651626b4e2345e,926276615,1.0,,4.0,3.0,162.0,1.0,5.0,3.0,5.0,3.0
3906.0,6d73a3d414f3f310a6efb711ed8919df,536861418,1.0,,5.0,4.0,1.0,1.0,1.0,3.0,5.0,3.0
3912.0,4e888f5674de31ce5eab1514ae490825,927537783,1.0,,2.0,1.0,1.0,1.0,,3.0,3.0,1.0
3932.0,5432940af220c92b7b148e5dc2bfa06f,889588793,1.0,,3.0,2.0,1.0,1.0,5.0,4.0,3.0,1.0
3934.0,b0eedcc3a584c8dc960c5bc3c938d6a4,915284719,2.0,,3.0,2.0,162.0,1.0,5.0,2.0,4.0,2.0
3942.0,3b633b33fdefef842c894d2ecabb077e,927543093,2.0,,2.0,1.0,1.0,1.0,1.0,2.0,1.0,1.0
3950.0,ef6e302f3c0ef79471e6f51f35b3f719,1711408,2.0,,5.0,4.0,162.0,1.0,1.0,3.0,3.0,1.0
3959.0,c2b1244663063069e906426fefef0804,318608061,1.0,,3.0,2.0,1.0,1.0,5.0,3.0,1.0,1.0
3963.0,b6834138ecc9565ce46ae25ddb7fa9ac,44746464,1.0,,5.0,4.0,1.0,1.0,1.0,3.0,3.0,1.0
3965.0,cb8b4c7b465b3922f5e66afefaa6e9b2,311670760,1.0,,3.0,2.0,1.0,1.0,89.0,3.0,4.0,2.0
3968.0,e077be2d7a345a8eddc822e3d025584f,153718481,2.0,,2.0,1.0,1.0,1.0,,3.0,2.0,1.0
3979.0,9eef42ccd511401e929e6c3a32a040ea,140432770,2.0,,4.0,3.0,1.0,1.0,5.0,3.0,3.0,1.0
3983.0,6517c0f8882caa2d04b7612c2b340a02,884996776,2.0,,2.0,1.0,1.0,1.0,89.0,4.0,4.0,2.0
3988.0,5a7ca984c0f97a309b45144466a63136,855422144,2.0,,2.0,1.0,1.0,1.0,1.0,3.0,4.0,2.0
3989.0,4faf3f2cee4ff70c2c18473f8f92ff72,769808601,1.0,,2.0,1.0,1.0,1.0,5.0,3.0,3.0,1.0
3996.0,f34512c2d5011d37b371529eed27eda8,886401570,1.0,,3.0,2.0,162.0,1.0,5.0,3.0,4.0,2.0
3999.0,42cf123b075670e4d7e8ea1b8fc1d996,877806263,1.0,,3.0,2.0,162.0,1.0,1.0,1.0,3.0,1.0
4003.0,b65164cfce7db0f818ee184b36a3535c,556755007,1.0,,4.0,3.0,1.0,1.0,1.0,3.0,3.0,1.0
4006.0,11ff27c29b7b5187e815d98d63d64850,894906882,1.0,,2.0,1.0,162.0,1.0,1.0,3.0,5.0,3.0
4017.0,c464573f3d54daf89c9a4adbd59da330,61237483,1.0,,5.0,4.0,1.0,1.0,1.0,3.0,3.0,1.0
4020.0,b07d495b6ef97254c02336e31e3ecfac,927561330,1.0,,2.0,1.0,1.0,1.0,5.0,3.0,3.0,1.0
4023.0,a888c46a21efe14aec7adb5d8b1956a2,843189674,1.0,,3.0,2.0,1.0,1.0,1.0,3.0,3.0,1.0
4032.0,74d86c38bc2854e4401e580a4ab33b9a,374105416,1.0,,2.0,1.0,1.0,1.0,1.0,3.0,4.0,2.0
4040.0,168172359c6479299bbc0421ce4bef9c,927543575,1.0,,4.0,3.0,1.0,1.0,,3.0,3.0,1.0
4041.0,612b29fd153576ac24d691f225f64ae1,248639563,1.0,,4.0,3.0,1.0,1.0,1.0,3.0,5.0,3.0
4044.0,f59f33fc5fc4daf11cb694a29548cba7,927494947,1.0,,2.0,1.0,1.0,1.0,5.0,3.0,4.0,2.0
4050.0,23d894dc056491c1521074890affc227,839363476,2.0,,2.0,1.0,162.0,1.0,5.0,2.0,2.0,1.0
4058.0,94ce84744dc2c86cf0d5573dfdbb5450,904009447,1.0,,2.0,1.0,1.0,1.0,1.0,3.0,1.0,1.0
4065.0,215994e8ceb1126ba3522479f9acb3e7,917250959,1.0,,3.0,2.0,1.0,1.0,1.0,3.0,5.0,3.0
4066.0,c52b2cdd198388990e2cafe62d45e6ca,22242878,2.0,,5.0,4.0,1.0,1.0,1.0,3.0,4.0,2.0
4069.0,20707fdd381d3f3252dda9098d49b401,766293635,1.0,,5.0,4.0,162.0,1.0,1.0,3.0,2.0,1.0
4075.0,249b70c0495e452484361bd3d8d74711,635802470,1.0,,3.0,2.0,1.0,1.0,5.0,4.0,5.0,3.0
4077.0,651d9ee4565dd72cedc248b5d7e382d3,31089180,1.0,,5.0,4.0,1.0,1.0,1.0,3.0,5.0,3.0
4086.0,cfd95cb0aacea45182a1956385471bff,777608033,1.0,,2.0,1.0,162.0,1.0,5.0,3.0,3.0,1.0
4096.0,d93234ea12a67dc78e3395e06e8b2aad,95688904,1.0,,5.0,4.0,1.0,1.0,1.0,3.0,4.0,2.0
4098.0,0bc2c8488d0af76af1c19e9ab1ac006f,903640162,2.0,,3.0,2.0,162.0,1.0,1.0,3.0,3.0,1.0
4101.0,3ece872e9d28879d2754d6b650db70f1,1701401,2.0,,5.0,4.0,1.0,1.0,1.0,3.0,3.0,1.0
4102.0,4c4e798613b203a2dac33ce1708f1328,922508108,1.0,,3.0,2.0,1.0,1.0,1.0,1.0,5.0,3.0
4109.0,4a700bbfa8fb53f76226e90094cb9a4f,622117581,2.0,,3.0,2.0,1.0,1.0,1.0,3.0,3.0,1.0
4110.0,4f9af5cad588b3e26c8d697ac30bac7f,919263241,1.0,,2.0,1.0,162.0,1.0,,3.0,3.0,1.0
4111.0,674fe59c4ba43f81c0e69ae475332c8d,489805374,2.0,,2.0,1.0,162.0,1.0,5.0,3.0,4.0,2.0
4114.0,3206aabcc3d3507666c9e7fea0d55681,681715125,2.0,,3.0,2.0,1.0,1.0,5.0,3.0,3.0,1.0
4117.0,f653f151146ac1e448ef359af1e7abd0,921949901,1.0,,5.0,4.0,1.0,1.0,1.0,3.0,3.0,1.0
4120.0,c9063bf984fee57bbfdd951dd8d067a5,160202245,1.0,,5.0,4.0,1.0,1.0,1.0,3.0,3.0,1.0
4124.0,b63635c33b6f2eb1e0a1a9adf4e9974e,923738258,1.0,,2.0,1.0,162.0,1.0,5.0,3.0,5.0,3.0
4128.0,4bc95e5cb7929a4c69ca1300144c56bd,14675342,1.0,,5.0,4.0,162.0,1.0,1.0,3.0,2.0,1.0
4129.0,a93f78015f9b0648183b2a56c2beb048,599528243,1.0,,5.0,4.0,1.0,1.0,,3.0,3.0,1.0
4130.0,547b16c38894600ac6d17bcfd079880c,832461719,1.0,,2.0,1.0,1.0,1.0,5.0,3.0,1.0,1.0
4132.0,58a8bbb32e740f38978ffc4898ebfe63,789336862,1.0,,3.0,2.0,1.0,1.0,1.0,4.0,3.0,1.0
4144.0,71ea19b530c40a6a19a2dbe2d0559825,177850507,1.0,,5.0,4.0,1.0,1.0,,3.0,5.0,3.0
4150.0,de38603d42bb57f6b2bc1332a4e8f8b5,927752178,1.0,,2.0,1.0,1.0,1.0,1.0,1.0,5.0,3.0
4155.0,409f2922573289e7b7586092e9136b2f,926524179,1.0,,2.0,1.0,1.0,1.0,5.0,3.0,5.0,3.0
4167.0,8355d187ebeac2a3a74337b38d1651a0,926629870,2.0,,2.0,1.0,162.0,1.0,,3.0,4.0,2.0
4168.0,3185eeaa37d69cce2e68dfd6ef5e2087,925144966,1.0,,2.0,1.0,1.0,1.0,1.0,3.0,3.0,1.0
4170.0,17609f1a34a39c3e31bd560e59f4e0ea,915483040,1.0,,2.0,1.0,1.0,1.0,5.0,3.0,5.0,3.0
4171.0,66e5802edecce706aef0a25240c7c951,766790974,1.0,,2.0,1.0,162.0,1.0,5.0,3.0,4.0,2.0
4173.0,7b2ea0fbac10eacffaaf6d801756c000,164245415,2.0,,5.0,4.0,1.0,1.0,1.0,4.0,3.0,1.0
4187.0,ac44e1a09305c5a983ff7c25afafd8f2,437122728,1.0,,2.0,1.0,162.0,1.0,5.0,4.0,4.0,2.0
4188.0,186b75d9765a7afe975f730bee57c8d8,99967657,2.0,,5.0,4.0,1.0,1.0,1.0,3.0,1.0,1.0
4192.0,3f4d854e54b653e1ba7018ba9800a0cf,677682806,1.0,,2.0,1.0,162.0,1.0,,3.0,3.0,1.0
4193.0,c8a9978f4058160701c67425fad13521,1707555,2.0,,5.0,4.0,162.0,1.0,5.0,4.0,5.0,3.0
4196.0,9dd66cf1f925adb00ffd6e68cddaaa61,497109095,1.0,,2.0,1.0,162.0,1.0,5.0,3.0,3.0,1.0
4200.0,56a942dc82f7667ca66ebda1c3a58f04,918997159,1.0,,2.0,1.0,1.0,1.0,,4.0,5.0,3.0
4202.0,8e21509534dbf0b3789a60be795c3246,34297230,2.0,,5.0,4.0,162.0,1.0,,3.0,4.0,2.0
4203.0,6f3f4d0dfa56d138bd3f78d0b86e5ce6,745320258,1.0,,5.0,4.0,1.0,1.0,5.0,3.0,5.0,3.0
4204.0,e4ae0784c0f65d25974afc0742bacc49,1695528,2.0,,5.0,4.0,1.0,1.0,,4.0,3.0,1.0
4206.0,c30d1b17e107af03e585631120fb1ead,374269621,1.0,,2.0,1.0,1.0,1.0,5.0,3.0,3.0,1.0
4207.0,95a6b7458ff0974c7aa3a91389a65d31,150283254,1.0,,2.0,1.0,1.0,1.0,1.0,3.0,5.0,3.0
4213.0,62e7b077af3f64fcac2cb005bd3d614e,848215413,1.0,,5.0,4.0,162.0,1.0,5.0,4.0,4.0,2.0
4218.0,87cba95610ad2f7c85a0dc2ff5466fe9,927584729,1.0,,2.0,1.0,1.0,1.0,5.0,3.0,4.0,2.0
4226.0,ee08a4f738b760569db58902bc6dccc0,504248967,2.0,,2.0,1.0,162.0,1.0,5.0,2.0,3.0,1.0
4235.0,f34b70dea3596a57ff5b5dae7990b322,50253909,1.0,,5.0,4.0,162.0,1.0,1.0,4.0,5.0,3.0
4238.0,a6617624c3f603f626b1be412b3e4186,894829898,2.0,,3.0,2.0,1.0,1.0,1.0,2.0,4.0,2.0
4239.0,a1a7110c82ee08af0ad84824f60e28ef,919467969,2.0,,2.0,1.0,1.0,1.0,,1.0,1.0,1.0
4241.0,5d5428c884ab4da5ff6a3093d2c72dbf,915077390,2.0,,2.0,1.0,1.0,1.0,1.0,3.0,3.0,1.0
4250.0,57a95804afabb6eaf58bd7049ecbebdf,927265816,1.0,,2.0,1.0,1.0,1.0,5.0,4.0,4.0,2.0
4251.0,8c8b231c57f3b8fe2308e274493676a6,925013655,2.0,,2.0,1.0,162.0,1.0,5.0,3.0,4.0,2.0
4252.0,8e9835271fbdb05347bcfa91b0469e7a,900892663,1.0,,5.0,4.0,1.0,5.0,1.0,4.0,4.0,2.0
4260.0,70e3d671b528ceb453cbfdd375d615b2,220725732,1.0,,5.0,4.0,1.0,1.0,9.0,4.0,5.0,3.0
4264.0,5834d3f126de0cb397ffcc0c168a0e8a,923194710,1.0,,2.0,1.0,1.0,1.0,104.0,3.0,4.0,2.0
4271.0,ff6779b58bfeebad7bc4d6276f2e4de0,798258518,1.0,,2.0,1.0,162.0,1.0,5.0,3.0,3.0,1.0
4274.0,04b46814f4eeebb0a23fb84265b69497,590140006,1.0,,2.0,1.0,1.0,1.0,5.0,4.0,5.0,3.0
4276.0,ac788d2b05968248013f86fbf0afa586,927684109,1.0,,2.0,1.0,1.0,1.0,47.0,1.0,5.0,3.0
4279.0,3f17be7517bb94ac46c1e6c30f3c4a2e,919032353,2.0,,2.0,1.0,162.0,1.0,,3.0,4.0,2.0
4282.0,3fac62e2d88822662599c622626ee771,927581668,1.0,,2.0,1.0,162.0,1.0,5.0,3.0,3.0,1.0
4286.0,accdb7afaface335af8f5777de9d9fef,606845134,1.0,,2.0,1.0,162.0,1.0,,4.0,3.0,1.0
4287.0,efe6a80feb48091d1a97b144c3bf994b,2513034,1.0,,5.0,4.0,162.0,1.0,1.0,3.0,4.0,2.0
4288.0,7fc015ac6705749fe0d2b640798771d8,758297311,2.0,,5.0,4.0,162.0,1.0,5.0,4.0,5.0,3.0
4301.0,be70abbf1ca693bee25e3ac421c5093e,927884337,1.0,,2.0,1.0,1.0,1.0,5.0,3.0,5.0,3.0
4302.0,684aa24c6d99c301376a425774482414,924002419,1.0,,3.0,2.0,1.0,1.0,2.0,3.0,2.0,1.0
4303.0,2d457398938e62436476e043494b81b9,881833819,1.0,,2.0,1.0,1.0,1.0,1.0,3.0,2.0,1.0
4321.0,a57e55ea0081de86fe68df6811684ea9,33914613,1.0,,5.0,4.0,1.0,1.0,5.0,4.0,4.0,2.0
4323.0,bb4c4f074df89fc38e91ccc1339dc534,919260830,1.0,,3.0,2.0,1.0,1.0,1.0,4.0,4.0,2.0
4335.0,e227993182784cc53ec8556168e89d64,915325126,1.0,,3.0,2.0,1.0,1.0,5.0,3.0,4.0,2.0
4341.0,21137dc96b57c169dc490913b7d549bc,922112152,2.0,,4.0,3.0,162.0,1.0,,3.0,5.0,3.0
4343.0,d5e5bc213f7898c905320984eaf467ec,330073236,1.0,,5.0,4.0,1.0,1.0,1.0,3.0,5.0,3.0
4355.0,6a8ef76d689f5f81b5231a0ce0a306ab,302751468,1.0,,2.0,1.0,1.0,1.0,5.0,3.0,5.0,3.0
4356.0,78aa3ee5b0db94fe2cc1c1ea410c70c4,927588463,1.0,,2.0,1.0,1.0,1.0,1.0,3.0,3.0,1.0
4365.0,5e80c3f437db655470d2abd05fd1a4e7,927909093,1.0,,2.0,1.0,1.0,1.0,5.0,3.0,3.0,1.0
4370.0,728adba0ec3c2472f938e80b393baafa,1694290,1.0,,5.0,4.0,1.0,1.0,1.0,4.0,5.0,3.0
4373.0,b6bc01d019d2098a3d08043f4ff2d24f,99566540,2.0,,5.0,4.0,162.0,1.0,1.0,4.0,1.0,1.0
4374.0,e0e5aabeba3626606f152a16a4f2c417,245212933,1.0,,3.0,2.0,1.0,1.0,1.0,3.0,3.0,1.0
4379.0,4ad006ab9a823117183f488f8958061d,290567996,1.0,,5.0,4.0,162.0,1.0,1.0,4.0,5.0,3.0
4382.0,3b1c8a27a14843b45174b8aa06fbab13,924839268,2.0,,2.0,1.0,1.0,1.0,5.0,3.0,3.0,1.0
4391.0,0c586fb5cf90a700aa810ce15779d9b8,125366662,1.0,,5.0,4.0,162.0,1.0,1.0,4.0,1.0,1.0
4397.0,dafb8ad10fe925936627c4e3b21c07c4,1710684,2.0,,4.0,3.0,162.0,1.0,1.0,3.0,3.0,1.0
4398.0,1fd88c6878c4037eb0a83487cf2b1a62,1708441,2.0,,5.0,4.0,1.0,1.0,1.0,4.0,5.0,3.0
4400.0,6dcaf286af654140ce49a167a1b25c55,788186415,1.0,,5.0,4.0,162.0,1.0,,4.0,5.0,3.0
4404.0,aadf38e01c49fd24d589dba67bc05b06,927939479,2.0,,2.0,1.0,1.0,1.0,5.0,3.0,3.0,1.0
4409.0,4ce17424486d2e4d22b378b6bc84febe,11635725,1.0,,5.0,4.0,1.0,1.0,,3.0,5.0,3.0
4416.0,f070440767aa8b1dc5ffd946b8edfe54,910977546,1.0,,2.0,1.0,1.0,1.0,,1.0,5.0,3.0
4417.0,a4055acfa5505f31eef298865c5ae4ee,899767618,1.0,,5.0,4.0,162.0,1.0,1.0,3.0,4.0,2.0
4423.0,0504d4f6047e29e9c8baa568b71f952d,515144653,1.0,,4.0,3.0,162.0,1.0,1.0,3.0,2.0,1.0
4432.0,3925d274a196f6a09e0f5ff94dfce136,40962544,2.0,,4.0,3.0,1.0,1.0,1.0,4.0,5.0,3.0
4440.0,b57c53438e2007c48d823a3c2a8d985f,927706369,2.0,,3.0,2.0,1.0,1.0,1.0,4.0,4.0,2.0
4444.0,fd9633d47a7c9e16d161ed970b9c61e7,927861140,1.0,,3.0,2.0,1.0,1.0,1.0,3.0,5.0,3.0
4445.0,5c0da80218221533d25a7c65f55a6577,518765553,2.0,,5.0,4.0,1.0,1.0,1.0,4.0,5.0,3.0
4446.0,7978abf711fc3c73631d6e6605a45046,40380037,2.0,,3.0,2.0,1.0,1.0,5.0,4.0,5.0,3.0
4449.0,158a8e0dbb281d0de6eb72d5a4777bf7,446744719,1.0,,3.0,2.0,1.0,1.0,1.0,3.0,3.0,1.0
4452.0,80e55d9acaf482f55c2d733746ba1a35,888656341,1.0,,3.0,2.0,1.0,1.0,5.0,3.0,4.0,2.0
4455.0,ee1b8a5b5b63e9a23488731425c29d72,927175204,1.0,,3.0,2.0,162.0,1.0,1.0,3.0,3.0,1.0
4456.0,c9b670f9df08b7b557dc2b4f69367901,41524105,1.0,,3.0,2.0,1.0,1.0,5.0,4.0,5.0,3.0
4467.0,aef767656cb62cbd6c8b0730b2bfce52,47790905,2.0,,4.0,3.0,1.0,1.0,1.0,3.0,1.0,1.0
4471.0,a816fa2ac2fd66ceef5f65484bbb0f6e,927947831,1.0,,4.0,3.0,1.0,1.0,1.0,4.0,4.0,2.0
4474.0,2ff864518bed10b42e9d32666dd6cc04,118048955,2.0,,5.0,4.0,1.0,1.0,1.0,4.0,3.0,1.0
4475.0,f20dcddfd55654a702b7c8bcc05945eb,927504075,2.0,,3.0,2.0,162.0,1.0,,4.0,5.0,3.0
4482.0,5d3ad7324f004597961c6808ca6843d2,570472666,1.0,,3.0,2.0,1.0,1.0,1.0,4.0,5.0,3.0
4485.0,68c87838e620373fb1b183b9710bb5df,10078301,1.0,,3.0,2.0,1.0,1.0,,4.0,4.0,2.0
4489.0,3e3e6e272048b7e6c08b9dc6bdf6586c,919379762,1.0,,3.0,2.0,1.0,1.0,5.0,3.0,3.0,1.0
4492.0,ef200f5b77b043e607f2f0594dc27c12,927336561,1.0,,2.0,1.0,1.0,1.0,40.0,3.0,4.0,2.0
4495.0,ec6b17926bbd62e254f348b65d9aa714,927963414,1.0,,2.0,1.0,1.0,1.0,5.0,1.0,3.0,1.0
4497.0,ba2373ddc05fe8b290a3cc16a9e03e2e,916142282,2.0,,3.0,2.0,1.0,1.0,5.0,3.0,3.0,1.0
4502.0,da2e5755ac0343b88c7433904c340483,828120523,2.0,,5.0,4.0,1.0,1.0,1.0,3.0,3.0,1.0
4514.0,851eae712ba2fe8c7d6e6b341003a7c1,62221381,2.0,,3.0,2.0,1.0,1.0,5.0,4.0,4.0,2.0
4523.0,58dc8673b7c5b113c5e0937b75a7fe35,927595748,1.0,,3.0,2.0,162.0,1.0,1.0,4.0,3.0,1.0
4529.0,f84739b6cec78d4a2443f738b839dc79,883350527,1.0,,3.0,2.0,1.0,1.0,1.0,3.0,4.0,2.0
4531.0,ed759651f55aa1886ad35e7176a93b72,34219951,1.0,,4.0,3.0,162.0,1.0,1.0,4.0,4.0,2.0
4532.0,cd0bc52fe3511b0ee85319e41e3ebaf7,696096594,1.0,,3.0,2.0,1.0,1.0,1.0,4.0,5.0,3.0
4540.0,cfe257992632b927023a48d32b175442,190313821,1.0,,3.0,2.0,1.0,1.0,5.0,4.0,3.0,1.0
4543.0,e0fc1884799dc6b1ae8d9d4bceba18fe,917228470,1.0,,4.0,3.0,1.0,1.0,,4.0,4.0,2.0
4544.0,18fd04983979884355754a2e2ae2bc32,130362270,1.0,,5.0,4.0,1.0,1.0,,4.0,5.0,3.0
4548.0,307345099ec8eb31417432258271a8ad,927666941,1.0,,4.0,3.0,1.0,1.0,,3.0,3.0,1.0
4550.0,230a60e44643019cd5364ea19669c705,912506804,1.0,,3.0,2.0,162.0,1.0,1.0,4.0,3.0,1.0
4551.0,69f6f7a8a6ac79478f82a48c54a9e527,924341524,1.0,,4.0,3.0,1.0,1.0,1.0,3.0,4.0,2.0
4554.0,0b9c82a1b3d7d24814f5198ec5043365,1693864,2.0,,5.0,4.0,1.0,1.0,5.0,4.0,5.0,3.0
4557.0,0228d764c96fb62ee9f06386ee7925fc,864129982,1.0,,2.0,1.0,162.0,1.0,5.0,3.0,4.0,2.0
4565.0,84583202209696c9304d5a1406a0e5c1,264597263,1.0,,3.0,2.0,1.0,1.0,1.0,3.0,3.0,1.0
4566.0,117653a5cf8a9b0cad361d712c3e04c1,768482737,1.0,,2.0,1.0,1.0,1.0,5.0,3.0,2.0,1.0
4573.0,3c9e67aed60322c9f1f5f5f2746ecc52,274701195,1.0,,3.0,2.0,162.0,1.0,,3.0,3.0,1.0
4578.0,23a9bd12e24dd71a8c793e356f86c02f,922988908,2.0,,3.0,2.0,162.0,1.0,5.0,3.0,4.0,2.0
4581.0,881f85ede3e48130f3af93e2d06268c7,905727533,1.0,,5.0,4.0,162.0,1.0,,4.0,4.0,2.0
4588.0,d64bc88392d470a52f6bba001b485dd9,30206877,2.0,,4.0,3.0,1.0,1.0,5.0,4.0,3.0,1.0
4592.0,3ea91db91235deb2e696ed522c623501,10818968,2.0,,4.0,3.0,1.0,1.0,24.0,4.0,4.0,2.0
4594.0,527699cb2e904184f29c7d14f3d8c8f9,927847172,1.0,,4.0,3.0,1.0,1.0,1.0,3.0,3.0,1.0
4598.0,daab6727e950aacded522da613351063,927981880,2.0,,3.0,2.0,162.0,1.0,5.0,3.0,3.0,1.0
4599.0,1b2d160ca89ee58d331a65e75907a447,534975760,2.0,,4.0,3.0,1.0,1.0,24.0,4.0,4.0,2.0
4610.0,7638ad4143af263f6876f27990c54240,927547808,1.0,,4.0,3.0,1.0,1.0,1.0,3.0,5.0,3.0
4612.0,2cc6436568a3f0c984017dd4544effa5,22180910,2.0,,4.0,3.0,1.0,1.0,89.0,4.0,4.0,2.0
4614.0,1d51b3d37fe77c3cbea61bb7368f1567,562476261,1.0,,3.0,2.0,1.0,1.0,1.0,3.0,4.0,2.0
4628.0,ad8f43d0fc20c37878caff1f6fa8cb98,81638468,2.0,,4.0,3.0,1.0,1.0,5.0,4.0,4.0,2.0
4629.0,86ff40bdd0acc9f34b4edf268b87f335,689655507,2.0,,3.0,2.0,1.0,1.0,1.0,3.0,4.0,2.0
4637.0,6e97eed8b5e806dd811a30156b7a72b5,39855345,2.0,,5.0,4.0,1.0,1.0,89.0,4.0,5.0,3.0
4638.0,b784cd1a769f651ddcf5d1a4a2fc734e,28877393,1.0,,3.0,2.0,1.0,1.0,5.0,4.0,5.0,3.0
4639.0,659752a264d02b2545ae825a38957945,27446141,2.0,,3.0,2.0,162.0,1.0,5.0,3.0,4.0,2.0
4642.0,ac8ce01dc7aee19c9d9c6bdf42d7e9c1,925811109,1.0,,4.0,3.0,162.0,1.0,1.0,4.0,5.0,3.0
4649.0,02d9011f1d90c398c14980c5fe06a101,927987498,1.0,,2.0,1.0,1.0,1.0,5.0,3.0,3.0,1.0
4654.0,52070ee51cf73b001ae8361d24eb1196,694756879,1.0,,3.0,2.0,1.0,1.0,1.0,4.0,5.0,3.0
4656.0,a026eb96aea4f1904ff2e6c4e2128cc3,219716989,1.0,,3.0,2.0,1.0,1.0,,4.0,4.0,2.0
4659.0,59f407bba7601bb3bd597e331526dd26,316453361,2.0,,4.0,3.0,1.0,1.0,1.0,3.0,4.0,2.0
4661.0,158e9a4902046e7430dab9ed014e7f33,681021787,2.0,,3.0,2.0,1.0,1.0,5.0,4.0,2.0,1.0
4666.0,4e975596d40e25bc3c8ef2d8c3d65762,10713819,2.0,,4.0,3.0,1.0,1.0,1.0,4.0,4.0,2.0
4674.0,95ad0ca97e92440fc79df761fed4d569,926593460,2.0,,2.0,1.0,1.0,1.0,5.0,3.0,2.0,1.0
4679.0,0f14140e119fa5765b245437dcb8f3df,881922749,2.0,,3.0,2.0,1.0,1.0,,3.0,1.0,1.0
4681.0,77c140afb6eeab022ba5621ed16c61d8,886086847,2.0,,2.0,1.0,1.0,1.0,5.0,3.0,4.0,2.0
4686.0,4f89c9ac46cd384267661c53c76d731c,195614059,1.0,,4.0,3.0,162.0,1.0,5.0,4.0,4.0,2.0
4697.0,375cff26c6383818498e47ca6a0e663c,927999377,1.0,,2.0,1.0,1.0,1.0,5.0,3.0,4.0,2.0
4699.0,cc8a8c2cafffa1245612850e15f6c461,27123377,1.0,,5.0,4.0,162.0,1.0,1.0,4.0,5.0,3.0
4704.0,f4e2868787a4fb7d91e4aff18ad2f74d,52080293,1.0,,3.0,2.0,1.0,1.0,104.0,4.0,3.0,1.0
4711.0,65f7ca91b4e4f01a46783f26a000c531,717704990,2.0,,4.0,3.0,1.0,1.0,141.0,3.0,5.0,3.0
4712.0,2eb7ac40ba34cae8080f88f57f652679,711462617,1.0,,4.0,3.0,162.0,1.0,1.0,4.0,3.0,1.0
4717.0,ac05d9e45d1f72cff05f31d32c2d7b12,81210836,1.0,,4.0,3.0,1.0,1.0,,4.0,1.0,1.0
4720.0,3727b288fc4b5a0316d4675babf54ac2,735081048,2.0,,4.0,3.0,1.0,1.0,1.0,4.0,1.0,1.0
4722.0,1745302884aecdc078f5ffc9685a0968,832472549,1.0,,4.0,3.0,162.0,1.0,5.0,4.0,4.0,2.0
4725.0,4f9d07f761f8d69fa4ccd516c2f73f1e,627351975,1.0,,4.0,3.0,1.0,1.0,,4.0,3.0,1.0
4726.0,5396ec81f12631fbfd0fb6aa960cfafa,927605792,1.0,,4.0,3.0,1.0,1.0,,4.0,4.0,2.0
4728.0,4ff62bb0eaa7ab5bda19f8a16acc2b40,740266982,1.0,,3.0,2.0,1.0,1.0,,2.0,3.0,1.0
4729.0,712ddf4975d3b7877195de47d46056c4,926313734,2.0,,2.0,1.0,162.0,1.0,5.0,3.0,5.0,3.0
4739.0,eae4ecf4223542bd18d94dcdda160e7f,849779570,1.0,,3.0,2.0,162.0,1.0,5.0,4.0,5.0,3.0
4754.0,fb605eafb53dcc2b2a0b0d02775db3aa,12228192,2.0,,3.0,2.0,1.0,1.0,5.0,4.0,3.0,1.0
4763.0,c9860702eb1e77f1bb742cb43269930f,47223558,1.0,,3.0,2.0,162.0,1.0,5.0,4.0,4.0,2.0
4778.0,65b442fc6d42c9cc2a9ae806e7aca5d1,49884141,1.0,,5.0,4.0,1.0,1.0,1.0,3.0,5.0,3.0
4782.0,2805ce1402a054e437102d6ec2f6b641,926954111,1.0,,3.0,2.0,1.0,1.0,5.0,4.0,5.0,3.0
4783.0,a50ad55aaacf227e71e99e8af5182ec0,759542501,2.0,,3.0,2.0,1.0,1.0,5.0,4.0,3.0,1.0
4785.0,e28952d34610fd4407ecc4eb460c6eeb,162205061,2.0,,3.0,2.0,162.0,1.0,5.0,4.0,4.0,2.0
4790.0,6f7313ce1adc176f8475f0ad9dee23e3,758718004,2.0,,4.0,3.0,1.0,1.0,1.0,3.0,5.0,3.0
4795.0,ca7db0e05229a4d3424a65b3199147eb,898571182,1.0,,5.0,4.0,162.0,1.0,,3.0,3.0,1.0
4800.0,1622a3e01a3743e27b82ea05934d5d43,1708784,2.0,,5.0,4.0,162.0,1.0,1.0,4.0,3.0,1.0
4804.0,b8eadf48e34c24fc28e2efa951d454f8,246536274,1.0,,3.0,2.0,1.0,1.0,5.0,4.0,1.0,1.0
4805.0,4180fc1fd5008284adf947402003ec51,924229773,1.0,,2.0,1.0,1.0,1.0,1.0,3.0,2.0,1.0
4806.0,6a12e19f265668b079f593e7e3a2a3a2,339307001,2.0,,4.0,3.0,1.0,1.0,24.0,4.0,5.0,3.0
4810.0,82ee74b781aff2ee9250f0b5fed8803f,766757521,2.0,,4.0,3.0,162.0,1.0,141.0,4.0,3.0,1.0
4814.0,87a19a0b652004d74de6f178e656a676,1711594,2.0,,4.0,3.0,162.0,1.0,,4.0,4.0,2.0
4815.0,1128e784b4949c7bc35677b58c415554,471301321,2.0,,4.0,3.0,1.0,1.0,5.0,4.0,1.0,1.0
4818.0,83c6f5b7affc40cd66008398aad8a75b,917002201,2.0,,4.0,3.0,1.0,1.0,1.0,3.0,1.0,1.0
4820.0,0db1b88fdc8fda9db7374bdb441b5137,723794313,2.0,,5.0,4.0,162.0,1.0,1.0,3.0,3.0,1.0
4826.0,8cd43c61f41af8c52a20ae47a9e38467,488899269,1.0,,4.0,3.0,1.0,1.0,1.0,3.0,3.0,1.0
4828.0,740074f337ebdf90fac060b177330024,538138935,2.0,,4.0,3.0,1.0,1.0,1.0,3.0,2.0,1.0
4830.0,70596e054c8bedee1567400be4050f6b,147993220,2.0,,4.0,3.0,1.0,1.0,5.0,4.0,4.0,2.0
4835.0,74b3d96854e65a200b3d3157e91c5c48,534980534,2.0,,4.0,3.0,1.0,1.0,24.0,4.0,4.0,2.0
4838.0,f58b7e331a7a0b04aff31802ed13463a,689683111,1.0,,4.0,3.0,1.0,1.0,,4.0,5.0,3.0
4842.0,766ba571b1fa3dff70b7818bf58ad641,927225678,1.0,,2.0,1.0,1.0,1.0,5.0,3.0,5.0,3.0
4845.0,b0a2fb74c02aed26806b673bf697558a,926518062,2.0,,4.0,3.0,162.0,1.0,5.0,4.0,4.0,2.0
4849.0,6adcca8c2388a6a4fa0d5e5e8ae89340,670955686,2.0,,4.0,3.0,1.0,1.0,5.0,4.0,5.0,3.0
4850.0,bc401952882918eb6fab9f04599cda68,894375795,2.0,,3.0,2.0,162.0,1.0,5.0,4.0,3.0,1.0
4855.0,df259238a71430da0e705817bbefec3c,916195362,1.0,,3.0,2.0,1.0,1.0,1.0,4.0,3.0,1.0
4859.0,773d8caf663b4731d5fdf410dbd776f6,72149727,1.0,,4.0,3.0,1.0,1.0,89.0,4.0,3.0,1.0
4866.0,5567aee69c61870a269b56e7990b5aad,401891332,1.0,,4.0,3.0,162.0,1.0,1.0,3.0,5.0,3.0
4870.0,9bdead8312ebd766ec5a564d81719943,482987405,2.0,,3.0,2.0,162.0,1.0,1.0,4.0,4.0,2.0
4878.0,8cabfd1b975a6aa997514f3b07a941f0,928051369,1.0,,3.0,2.0,1.0,1.0,5.0,3.0,4.0,2.0
4882.0,bcdd3f3a30f22ae34536964c417d899e,47202433,2.0,,4.0,3.0,1.0,1.0,,3.0,3.0,1.0
4884.0,bd53c69cee8e3e1d9f03b70e8408e7ba,301041944,1.0,,4.0,3.0,162.0,1.0,5.0,3.0,4.0,2.0
4890.0,d5289b720eed4e63b4635be9a79daf49,788929621,1.0,,4.0,3.0,1.0,1.0,,3.0,3.0,1.0
4891.0,f252adfcd440854b70b2d31f21f4022d,61589118,1.0,,4.0,3.0,1.0,1.0,5.0,4.0,4.0,2.0
4892.0,fdbc2678e7bd6de4da8f20c89dc7c786,924734463,2.0,,4.0,3.0,1.0,1.0,5.0,4.0,5.0,3.0
4904.0,bdc897f8fa41f55157b6699169acd409,183562877,1.0,,4.0,3.0,1.0,1.0,5.0,4.0,3.0,1.0
4905.0,0f9ea877515c5693443338b58e23b80b,298641555,1.0,,3.0,2.0,162.0,1.0,1.0,2.0,3.0,1.0
4907.0,4bacbf7c303bd2200dbdf27f215554de,114446354,1.0,,2.0,1.0,162.0,1.0,1.0,4.0,3.0,1.0
4908.0,ab02230e382afa90ad46193985b33d45,927898481,1.0,,2.0,1.0,1.0,1.0,,2.0,3.0,1.0
4910.0,87c65956f7ba342d9c953292e0e3013d,768434738,1.0,,5.0,4.0,1.0,1.0,5.0,4.0,5.0,3.0
4911.0,318e5cdd5e4de50fe814475bea5f9881,60489195,1.0,,5.0,4.0,1.0,1.0,1.0,3.0,5.0,3.0
4913.0,b153c843fa4fea02965c1a390fc2a9ec,830598075,1.0,,4.0,3.0,162.0,1.0,1.0,4.0,4.0,2.0
4914.0,c4a2b339c210e4904f09a730223a1db8,27181434,2.0,,4.0,3.0,1.0,1.0,,3.0,4.0,2.0
4926.0,2241b43a4c599a1427ac45aa39322e9f,772602630,2.0,,3.0,2.0,1.0,1.0,1.0,4.0,4.0,2.0
4929.0,dec58121fea1fa478376fdff9c390502,419766037,1.0,,5.0,4.0,1.0,1.0,104.0,4.0,4.0,2.0
4930.0,430803b287eb03e46743d4706bc64624,301516904,1.0,,2.0,1.0,162.0,1.0,1.0,3.0,3.0,1.0
4940.0,cdb707322da561a30b9ecb7f72530ccb,772168688,1.0,,2.0,1.0,1.0,1.0,,3.0,4.0,2.0
4962.0,38753e1420ff87523cd62ac82014aae6,630135175,1.0,,2.0,1.0,162.0,1.0,5.0,3.0,4.0,2.0
4966.0,c82052e7aae351cbd4ed91bd7f69ccac,829675541,1.0,,3.0,2.0,1.0,1.0,1.0,3.0,4.0,2.0
4967.0,80c7c15c7464affb38e55f911e5ccd8c,81144512,1.0,,5.0,4.0,162.0,1.0,1.0,4.0,2.0,1.0
4968.0,b86de8c259bea74f9d1966a9793a2807,928161709,2.0,,2.0,1.0,1.0,1.0,5.0,4.0,5.0,3.0
4971.0,b8c60d6b13c23f982d2083321f4f5476,926229060,1.0,,2.0,1.0,1.0,1.0,1.0,1.0,4.0,2.0
4977.0,eceedbf4a376d648c28806fe71e565f9,787880521,2.0,,5.0,4.0,1.0,1.0,1.0,2.0,4.0,2.0
4978.0,df1c59e983156432fb54978bef324e22,106242866,2.0,,5.0,4.0,1.0,1.0,1.0,4.0,4.0,2.0
4986.0,5f6dd2c34ffe2985c73567efd39b72b0,775926902,2.0,,5.0,4.0,1.0,1.0,1.0,2.0,3.0,1.0
4988.0,efe0ec255a77727e839b4bede21ff2fc,928164789,1.0,,2.0,1.0,1.0,1.0,5.0,3.0,3.0,1.0
4994.0,41a25dfb2f7766b45fb0534c3ca85a7d,928379259,1.0,,2.0,1.0,1.0,1.0,24.0,3.0,5.0,3.0
4997.0,1a02fa436ee8d8e5a179d1ec45206c4e,615723882,2.0,,2.0,1.0,1.0,1.0,5.0,3.0,1.0,1.0
5001.0,728abb2dedf61957dcb4635fe07f2c2e,43747866,1.0,,4.0,3.0,1.0,1.0,1.0,2.0,4.0,2.0
5004.0,c44687630e636c3839d0eca61a04cf3c,753612167,1.0,,5.0,4.0,1.0,1.0,,3.0,5.0,3.0
5007.0,05b5d2f1a35379a4f0fc2ffefe3069e4,924176062,1.0,,2.0,1.0,1.0,1.0,5.0,3.0,5.0,3.0
5011.0,6b83c558378ecc6ba5bb3ad8a4a5755e,861833043,1.0,,2.0,1.0,162.0,1.0,,1.0,3.0,1.0
5012.0,b55d46b2a0be50929434927189c43599,257998688,2.0,,2.0,1.0,1.0,1.0,1.0,3.0,4.0,2.0
